{"1987721":{"project_id":1211099,"name":"KFC Subway Surfers","created":"2023-11-14T11:28:19.373Z","settings":{"physics":{"gravity":[0,-9.8,0]},"render":{"lightmapFilterRange":10,"fog_end":1000,"lightmapFilterEnabled":false,"ambientBake":false,"tonemapping":4,"lightingAreaLightsEnabled":false,"lightingShadowType":0,"ambientBakeOcclusionContrast":0,"skybox":175637140,"lightingCookieAtlasResolution":2048,"fog_density":0.01,"lightmapFilterSmoothness":0.2,"gamma_correction":1,"exposure":1,"lightingShadowsEnabled":true,"fog_start":1,"skyboxIntensity":1.2,"global_ambient":[1,1,1],"ambientBakeNumSamples":1,"fog_color":[0,0,0],"lightingCells":[10,3,10],"lightmapMode":1,"lightingCookiesEnabled":false,"clusteredLightingEnabled":true,"ambientBakeSpherePart":0.4,"fog":"none","ambientBakeOcclusionBrightness":0,"lightmapMaxResolution":2048,"lightingMaxLightsPerCell":255,"lightingShadowAtlasResolution":2048,"skyboxMip":0,"lightmapSizeMultiplier":16,"skyboxRotation":[0,0,0],"skyType":"infinite","skyMeshPosition":[0,0,0],"skyMeshRotation":[0,0,0],"skyMeshScale":[100,100,100],"skyCenter":[0,0.1,0]}},"scene":1987721,"entities":{"e951e842-82e0-11ee-9eae-baf4d5e490e2":{"position":[0,0,0],"scale":[1,1,1],"name":"Root","parent":null,"resource_id":"e951e842-82e0-11ee-9eae-baf4d5e490e2","components":{"script":{"enabled":true,"order":["gameManager","action"],"scripts":{"gameManager":{"enabled":true,"attributes":{"restartButton":"915b5b04-06d8-4f23-a630-5c99aa197e3f","character":"05c1719f-bede-48a5-920b-486999033fc6","weight":1,"index":1}},"action":{"enabled":true,"attributes":{}}}}},"rotation":[0,0,0],"tags":[],"enabled":true,"children":["f4449d00-b835-4666-9e42-11b2ccb625c0","a23b428a-05bc-4d16-b0a3-883eb795a269","1538059a-5ab7-4035-83a8-53b8dadf65f6","2aea8e78-ca57-4335-9f89-6f7edfedddee","a704b7ec-9efa-4f2e-82eb-147de88d79d0","47f3177c-2a27-41ea-8624-6723fee36057"]},"f4449d00-b835-4666-9e42-11b2ccb625c0":{"name":"Environment","tags":[],"enabled":true,"resource_id":"f4449d00-b835-4666-9e42-11b2ccb625c0","parent":"e951e842-82e0-11ee-9eae-baf4d5e490e2","children":["fbe556e8-d855-4491-b02e-0e3f4acf943e","e951fc60-82e0-11ee-9eae-baf4d5e490e2","2302f070-62f3-430a-94c3-2506919563f7"],"position":[0,0,0],"rotation":[0,0,0],"scale":[1,1,1],"components":{}},"fbe556e8-d855-4491-b02e-0e3f4acf943e":{"name":"Camera","tags":[],"enabled":true,"resource_id":"fbe556e8-d855-4491-b02e-0e3f4acf943e","parent":"f4449d00-b835-4666-9e42-11b2ccb625c0","children":[],"scale":[1,1,1],"components":{"camera":{"enabled":true,"clearColorBuffer":true,"clearColor":[0.118,0.118,0.118,1],"clearDepthBuffer":true,"renderSceneDepthMap":false,"renderSceneColorMap":false,"projection":0,"fov":55,"frustumCulling":true,"orthoHeight":4,"nearClip":0.1,"farClip":100,"priority":0,"rect":[0,0,1,1],"layers":[0,1,2,3,4]}},"position":[-5.283849230372171,2.772205148802832,-1.0736201709377389],"rotation":[-12.849999237610549,-89.0000000790988,0]},"e951fc60-82e0-11ee-9eae-baf4d5e490e2":{"position":[2,2,-2],"scale":[1,1,1],"name":"Light","parent":"f4449d00-b835-4666-9e42-11b2ccb625c0","resource_id":"e951fc60-82e0-11ee-9eae-baf4d5e490e2","components":{"light":{"castShadows":true,"isStatic":false,"vsmBlurSize":11,"shadowUpdateMode":2,"normalOffsetBias":0.05,"color":[0.984313725490196,0.996078431372549,1],"bakeArea":0,"numCascades":1,"outerConeAngle":45,"bakeNumSamples":1,"affectDynamic":true,"intensity":0.9,"bakeDir":true,"cookieAngle":0,"affectLightmapped":false,"cookieChannel":"rgb","innerConeAngle":40,"shadowBias":0.2,"bake":false,"falloffMode":0,"cookieAsset":null,"vsmBias":0.01,"layers":[0],"cookieIntensity":1,"cascadeDistribution":0.5,"cookieOffset":[0,0],"shadowResolution":1024,"cookieScale":[1,1],"enabled":true,"shape":0,"range":8,"vsmBlurMode":1,"shadowDistance":16,"type":"directional","cookieFalloff":true,"shadowType":0}},"rotation":[45.000000398165554,-62.25,-3.490133162842252e-7],"tags":[],"enabled":true,"children":[]},"2302f070-62f3-430a-94c3-2506919563f7":{"name":"Light","tags":[],"enabled":true,"resource_id":"2302f070-62f3-430a-94c3-2506919563f7","parent":"f4449d00-b835-4666-9e42-11b2ccb625c0","children":[],"position":[2,2,-2],"rotation":[-134.99999972224023,37.91782266361236,-179.99999973883357],"scale":[1,1,1],"components":{"light":{"enabled":true,"type":"directional","bake":false,"bakeArea":0,"bakeNumSamples":1,"bakeDir":true,"affectDynamic":true,"affectLightmapped":false,"affectSpecularity":true,"color":[1,0.8745098039215686,0],"intensity":0.65,"castShadows":false,"shadowUpdateMode":2,"shadowType":0,"vsmBlurMode":1,"vsmBlurSize":11,"vsmBias":0.01,"shadowDistance":16,"shadowIntensity":1,"shadowResolution":1024,"numCascades":1,"cascadeDistribution":0.5,"shadowBias":0.2,"normalOffsetBias":0.05,"range":8,"falloffMode":0,"innerConeAngle":40,"outerConeAngle":45,"shape":0,"cookieAsset":null,"cookieIntensity":1,"cookieFalloff":true,"cookieChannel":"rgb","cookieAngle":0,"cookieScale":[1,1],"cookieOffset":[0,0],"isStatic":false,"layers":[0]}}},"a23b428a-05bc-4d16-b0a3-883eb795a269":{"name":"EnvironmentProps","tags":[],"enabled":true,"resource_id":"a23b428a-05bc-4d16-b0a3-883eb795a269","parent":"e951e842-82e0-11ee-9eae-baf4d5e490e2","children":["52a2c769-0c6c-44ec-a9d6-60acd2b69dc1"],"position":[0,0,0],"rotation":[0,0,0],"scale":[1,1,1],"components":{}},"52a2c769-0c6c-44ec-a9d6-60acd2b69dc1":{"enabled":true,"tags":[],"children":["d698f8c9-ffd3-4295-96ca-587c23ecbc31"],"position":[0,0,0],"rotation":[0,0,0],"scale":[0.01,0.01,0.01],"resource_id":"52a2c769-0c6c-44ec-a9d6-60acd2b69dc1","name":"EnvironmentProps","components":{},"parent":"a23b428a-05bc-4d16-b0a3-883eb795a269","template_ent_ids":{"52a2c769-0c6c-44ec-a9d6-60acd2b69dc1":"23ee85d1-2849-475c-8545-cd7721fb901a","d698f8c9-ffd3-4295-96ca-587c23ecbc31":"343d3cad-f3c0-4198-a12e-81463f804e21"},"template_id":176252612},"d698f8c9-ffd3-4295-96ca-587c23ecbc31":{"enabled":true,"tags":[],"children":[],"position":[0,0,0],"rotation":[0,0,0],"scale":[1,1,1],"resource_id":"d698f8c9-ffd3-4295-96ca-587c23ecbc31","name":"EnvironmentProps","components":{"render":{"enabled":true,"type":"asset","asset":176252611,"materialAssets":[176252542,176252543,176252544,176252609,176252550,176252547,176252607,176252569,176252573,176252580,176252545,176252546,176252583,176252548,176252549,176252557,176252551,176252552,176252553,176252554,176252555,176252556,176252563,176252558,176252559,176252560,176252561,176252562,176252587,176252564,176252565,176252566,176252567,176252568],"layers":[0],"batchGroupId":null,"castShadows":true,"castShadowsLightmap":true,"receiveShadows":true,"lightmapped":false,"lightmapSizeMultiplier":1,"castShadowsLightMap":true,"lightMapped":false,"lightMapSizeMultiplier":1,"isStatic":false,"rootBone":null}},"parent":"52a2c769-0c6c-44ec-a9d6-60acd2b69dc1"},"1538059a-5ab7-4035-83a8-53b8dadf65f6":{"name":"Collectible","tags":[],"enabled":true,"resource_id":"1538059a-5ab7-4035-83a8-53b8dadf65f6","parent":"e951e842-82e0-11ee-9eae-baf4d5e490e2","children":["116034d0-e12c-4b19-b834-f857e38bc413"],"position":[0,0,0],"rotation":[0,0,0],"scale":[1,1,1],"components":{}},"116034d0-e12c-4b19-b834-f857e38bc413":{"enabled":true,"tags":[],"children":["1f62efdc-c96f-49a9-b9aa-ba405410bb65"],"position":[0,0,0],"rotation":[0,0,0],"scale":[0.01,0.01,0.01],"resource_id":"116034d0-e12c-4b19-b834-f857e38bc413","name":"Coin","components":{},"parent":"1538059a-5ab7-4035-83a8-53b8dadf65f6","template_ent_ids":{"116034d0-e12c-4b19-b834-f857e38bc413":"2252c460-cd48-4022-a660-7273935016e5","1f62efdc-c96f-49a9-b9aa-ba405410bb65":"12502c76-21fe-44aa-93e5-66cd5bce5a64"},"template_id":176252989},"1f62efdc-c96f-49a9-b9aa-ba405410bb65":{"enabled":true,"tags":[],"children":[],"position":[0,0,-2135.578488074911],"rotation":[0,0,0],"scale":[1,1,1],"resource_id":"1f62efdc-c96f-49a9-b9aa-ba405410bb65","name":"Collectible","components":{"render":{"enabled":true,"type":"asset","asset":176252988,"materialAssets":[176252985],"layers":[0],"batchGroupId":null,"castShadows":true,"castShadowsLightmap":true,"receiveShadows":true,"lightmapped":false,"lightmapSizeMultiplier":1,"castShadowsLightMap":true,"lightMapped":false,"lightMapSizeMultiplier":1,"isStatic":false,"rootBone":null}},"parent":"116034d0-e12c-4b19-b834-f857e38bc413"},"2aea8e78-ca57-4335-9f89-6f7edfedddee":{"name":"Box","tags":[],"enabled":true,"resource_id":"2aea8e78-ca57-4335-9f89-6f7edfedddee","parent":"e951e842-82e0-11ee-9eae-baf4d5e490e2","children":[],"position":[0,0,20.020832606185813],"rotation":[0,0,0],"scale":[1,1,1],"components":{"render":{"enabled":true,"type":"box","asset":null,"materialAssets":[null],"layers":[0],"batchGroupId":null,"castShadows":true,"castShadowsLightmap":true,"receiveShadows":true,"lightmapped":false,"lightmapSizeMultiplier":1,"castShadowsLightMap":true,"lightMapped":false,"lightMapSizeMultiplier":1,"isStatic":false,"rootBone":null},"script":{"enabled":true,"order":[],"scripts":{}}}},"a704b7ec-9efa-4f2e-82eb-147de88d79d0":{"name":"2D Screen","tags":[],"enabled":true,"resource_id":"a704b7ec-9efa-4f2e-82eb-147de88d79d0","parent":"e951e842-82e0-11ee-9eae-baf4d5e490e2","children":["915b5b04-06d8-4f23-a630-5c99aa197e3f"],"position":[0,0,0],"rotation":[0,0,0],"scale":[1,1,1],"components":{"screen":{"enabled":true,"screenSpace":true,"scaleMode":"blend","scaleBlend":0.5,"resolution":[1280,720],"referenceResolution":[1080,1920],"priority":0}}},"915b5b04-06d8-4f23-a630-5c99aa197e3f":{"name":"Button","tags":[],"enabled":false,"resource_id":"915b5b04-06d8-4f23-a630-5c99aa197e3f","parent":"a704b7ec-9efa-4f2e-82eb-147de88d79d0","children":["9642e495-3b65-4809-a69f-922ec83c3221"],"position":[0,832.0930170082546,0],"rotation":[0,0,0],"scale":[1,1,1],"components":{"button":{"enabled":true,"active":true,"imageEntity":"915b5b04-06d8-4f23-a630-5c99aa197e3f","hitPadding":[0,0,0,0],"transitionMode":0,"hoverTint":[1,1,1,1],"pressedTint":[1,1,1,1],"inactiveTint":[1,1,1,1],"fadeDuration":0,"hoverSpriteAsset":null,"hoverSpriteFrame":0,"pressedSpriteAsset":null,"pressedSpriteFrame":0,"inactiveSpriteAsset":null,"inactiveSpriteFrame":0,"hoverTextureAsset":null,"pressedTextureAsset":null,"inactiveTextureAsset":null},"element":{"enabled":true,"type":"image","anchor":[0.5,0.5,0.5,0.5],"pivot":[0.5,0.5],"text":"","key":null,"fontAsset":null,"fontSize":32,"minFontSize":8,"maxFontSize":32,"autoFitWidth":false,"autoFitHeight":false,"maxLines":null,"lineHeight":32,"wrapLines":true,"spacing":1,"color":[1,0,0],"opacity":1,"textureAsset":null,"spriteAsset":null,"spriteFrame":0,"pixelsPerUnit":null,"width":246.02,"height":92.37,"margin":[-123.01,785.908,-123.01,-878.278],"alignment":[0.5,0.5],"outlineColor":[0,0,0,1],"outlineThickness":0,"shadowColor":[0,0,0,1],"shadowOffset":[0,0],"rect":[0,0,1,1],"materialAsset":null,"autoWidth":false,"autoHeight":false,"fitMode":"stretch","useInput":true,"batchGroupId":null,"mask":false,"layers":[4],"enableMarkup":false}}},"9642e495-3b65-4809-a69f-922ec83c3221":{"name":"Text","tags":[],"enabled":true,"resource_id":"9642e495-3b65-4809-a69f-922ec83c3221","parent":"915b5b04-06d8-4f23-a630-5c99aa197e3f","children":[],"position":[49.928,29.345,0],"rotation":[0,0,0],"scale":[1,1,1],"components":{"element":{"enabled":true,"type":"text","anchor":[0,0,1,1],"pivot":[0.5,0.5],"text":"Hello Azaz","key":null,"fontAsset":175875473,"fontSize":32,"minFontSize":8,"maxFontSize":32,"autoFitWidth":true,"autoFitHeight":true,"maxLines":null,"lineHeight":32,"wrapLines":true,"spacing":1,"color":[1,1,1],"opacity":1,"textureAsset":null,"spriteAsset":null,"spriteFrame":0,"pixelsPerUnit":null,"width":99.86,"height":32,"margin":[-0.002,0,0.002,0],"alignment":[0.5,0.5],"outlineColor":[0,0,0,1],"outlineThickness":0,"shadowColor":[0,0,0,1],"shadowOffset":[0,0],"rect":[0,0,1,1],"materialAsset":null,"autoWidth":false,"autoHeight":false,"fitMode":"stretch","useInput":true,"batchGroupId":null,"mask":false,"layers":[4],"enableMarkup":false}}},"47f3177c-2a27-41ea-8624-6723fee36057":{"enabled":true,"tags":[],"children":["9dcc37b1-6e18-4184-9142-2b153291ec62","05c1719f-bede-48a5-920b-486999033fc6"],"position":[3.6387901306152344,-0.013778980821371078,0.38464303051851534],"rotation":[0,90,0],"scale":[0.02,0.02,0.02],"resource_id":"47f3177c-2a27-41ea-8624-6723fee36057","name":"Colonel_Stylized","components":{"anim":{"stateGraphAsset":176142212,"animationAssets":{"Base:idle":{"asset":176142138},"Base:run":{"asset":176142171},"Base:jum":{"asset":176142139},"Base:StumbleBackgwards":{"asset":176142170},"Base:Sprinting Forward Roll":{"asset":176142173},"Base:Jump001":{"asset":176142152},"Base:FastRun":{"asset":176142137}},"enabled":true,"speed":1,"activate":true,"playing":false,"rootBone":null,"masks":{},"normalizeWeights":false}},"parent":"e951e842-82e0-11ee-9eae-baf4d5e490e2","template_ent_ids":{"47f3177c-2a27-41ea-8624-6723fee36057":"880c7ef4-9276-41e2-b13d-1e215d4ce751","9dcc37b1-6e18-4184-9142-2b153291ec62":"955ae9f2-6deb-4d17-a3e3-9ae30adc10f5","9054ee29-fae7-4269-b3d4-027e3f8cf5f4":"c1bb959f-8c7f-4eb1-9eab-ca228dcaa4ca","da149b0b-005c-4165-b2ed-40ca533eea0a":"40e2e2e2-2fd8-46fc-92ad-04249baf83a8","8b518f67-11c0-468e-a521-02655c508e79":"36768e41-4069-407f-8c9d-e2ec3a65ae7e","12e31820-98fa-4923-bb7f-2bdc301db8e1":"74e1b779-7e6f-4ed2-991c-dedb95bef204","31431c7b-69db-4ad3-80b7-5fa50d74f5d9":"4f7ab002-df8a-4b8e-850e-49b205b5d472","338e28fb-7ae2-4079-8e27-df7abddcba16":"f001417d-de66-4f7e-bb16-a084e8b320e8","3505cee9-4446-417e-a5fd-6351483c2923":"5c3f5af7-7f8b-408d-bd6e-e95a961fb952","6e2bb927-c618-4214-992c-90e874d8f84f":"dda012b0-394d-407f-a310-26b084ffee2f","542499b0-a625-4595-a4bc-6eb1c4270519":"0b97ea55-4d6a-48c2-9da3-39fac5e85b25","ae12a00a-b739-4e93-a7d1-f2b31ee9a5c6":"556695bf-5bbf-4b45-b6ae-7f2a7ffe72e4","4ddf04b6-5eb2-45b5-9613-f074282366ee":"a0d6cdb8-74c6-4142-bb76-4acc43948599","9299ed53-2c01-4b9c-9f5d-6704d6f782e8":"46e10f82-4142-4fca-955b-13a61a55bf1e","b230770b-c16c-42c8-9af5-d87acff23486":"c6fb0426-7955-4f2f-8b55-1b08cdb67aea","113fc290-17b2-4528-9ee7-5cdf7bdbfda8":"ab62734a-f9f8-4170-a42d-6e08f27e2c21","1c0e0dda-a8c8-4628-8d51-1b90867e7939":"01a8fcfb-b4ce-4648-a1b3-6c2f559cc4b0","e6b457e6-5823-4bef-9c9c-e785aa454ca4":"c53c7768-e788-43b6-b500-a04a61f2027b","55455725-160a-42b9-ba87-47b286541ec8":"f6637a0f-6cdf-4f4c-8112-55f1365e4770","70979175-9f17-477d-ae78-c7941639c598":"24d48e55-662f-4574-b339-c208040df674","5e171db3-a362-444c-8128-c9a3b10ffc7a":"3dae8307-e494-4075-a245-3ced4dd4f4ad","43f87356-502a-4056-8a11-caa1b73db664":"c7f063cf-7096-4b68-a876-5678feadae25","e40c2832-6322-40c1-8d76-86b8993c8390":"7bb9abc9-19ef-4e80-81a7-235ceba3cea5","6aa6bcab-aaed-4f8d-af1a-eb8262f51bc0":"24ef91c0-96cd-4b7d-b84b-4afc9526d9b3","c3c15525-59f6-4f84-83d9-653f449dedbe":"f4e32441-ae40-4437-8b69-0bec21e2a77c","e3828ebc-c3dc-4400-bd28-4e08b3e2c6f7":"7ba0949b-16ba-46cc-a0d1-3a13734aa716","da11fac5-f065-4866-9396-5f7944b2b6fa":"2ba80b0b-575b-4f0a-a515-6cf6031d0c71","f8b99cfc-86fb-4f9d-aa8b-04f8cd93a8a8":"5ed0af04-5ea7-4955-b49c-f2c41a2985e6","79d6b78e-092d-45bb-a71c-d17d5573a354":"3698745f-fbd4-4aeb-b610-970603dc2dc8","f4c41219-d7c0-48d4-acbd-615ff128c849":"0de7d358-bf9a-43ed-9fc6-8b8bf41badea","b72620d4-9a82-4d32-a462-56ad37d42f05":"30c5d4e2-0383-4f72-85a2-d64c14fb3969","f966a943-437d-48ee-94cd-35ca8637b1c6":"963ba557-d2de-42e3-a29d-e812a879f17b","d5d48d36-08e0-4f79-89b1-d2a869d7a680":"1347e983-ee70-46c9-ae14-2d3d8d2c5fe1","a594883e-ea3b-452b-aa1b-8bebe18c006d":"78605036-154e-451e-bb57-df191f14a802","e5c2097c-cde2-468e-b8fe-a255da4e5e74":"ef8605b3-68cf-40e5-8c00-e42b371623ee","10028802-45bf-44d0-bb69-1a8365983051":"ad748582-c225-409a-8161-7cd1464b7f7f","cdc2ba86-4a65-47bf-8baf-41cea1fbed03":"6b3fad74-537e-4fd4-99e4-c6e1a1d971a6","ed5edb3d-91b2-4120-9171-ecd8cb7e859d":"e3266c31-241f-401b-b38e-d51b93bf418d","56f86678-8587-419e-9878-63b7d375c01f":"c2327d09-cdac-4c16-b236-ab9d376c0d2d","efea313c-74e6-4d25-8c81-cedb79f6f15a":"e9df9bad-5695-439e-ba34-f4da49b9dd84","61d7376f-63af-4606-8dfa-ee36a3cf1df0":"0d1c79b6-1f10-4a7d-a939-66413dfd647b","69a5722e-dc52-4a44-97da-48890c82bb13":"bc7a38ca-4ce4-4ed5-9bf3-93593f1f58f1","76a2797d-7c69-40c9-b246-dcd6e90c06ca":"45b9c994-8653-424c-9fd4-a948dbcedfef","d45bd327-3ee3-471b-87ec-7d59aa8e9aba":"43b7128c-c9e4-4c1f-9da0-e2fd27171565","9d8d9d3f-93a5-462f-8788-fa10085381e1":"4197ca73-b0d8-4726-aaa2-1f7dedaafb38","2fc24f7a-887a-41b5-822b-41409ef98d36":"b2bd18c8-582b-4cfe-938d-572334bf8ffc","641fe588-2aee-442f-9a0f-8941e9ba419a":"fb8d28da-5a41-4718-bfd8-d0a82940a809","d1deb94e-9514-4819-9215-cb24d807a894":"2b050901-e84b-4fb0-b93c-548bac9bb17a","ecd4707f-11b7-4566-a4c5-137ac9de56a1":"29937d07-7f95-4d73-96fd-79e532b8c17a","0f0b8e37-a454-446b-b32a-8f9e4692ed27":"57dc1e3b-9bb6-4d52-9af6-70f565fcafc1","7eec957d-0c89-4bb9-b853-dba3fbadb3c6":"eb8c8cac-759b-49a5-85d3-461d97ce6e99","c628126a-e3f9-40a5-8bd5-6eb723849607":"ab30fd38-7faa-4fba-a08b-d32410da0484","adbec05a-74a0-4f14-995b-aed5969a2100":"19e4c4e2-e2fa-41e3-8c12-9fab1f307e69","aff5d5ce-07d6-47c1-9abd-d18516e0dbdf":"d6f784c9-884b-4cbc-9153-e94d05c2a906","bf242ad0-0358-4e59-b447-0b2f72c5bd8a":"eb07acb2-7d5e-427b-9757-73223352df6c","c9cb1005-7e4f-4410-85cf-365e2e0b5db9":"ac4638b2-7214-4097-9f78-ddbdf2112e9a","1c1a9061-c08b-4a13-ba8e-9c0ef0635344":"a6e34537-05e0-439e-82c2-fe673e5400d9","f5ab52cf-9293-4887-bab1-4b1fbb90318c":"320b7616-7fbf-4fb2-ba48-21583d4c1e6c","5c141c77-fa76-481b-8011-705e9399f70a":"f5b446ba-377f-43b0-8122-3dd461565f31","c9a2fc4c-2a69-480a-9de1-85456dce63bc":"3100cf31-cf23-4ec0-a665-7a6e84ee0d9b","ea117914-bf71-4d91-9694-d373cb578870":"037c2cb1-ff2d-4099-b3f8-38bd15906fce","d7be4591-8025-45bd-a977-fcff633c585f":"be4bc1b3-b2cb-425b-8c41-e3d61b69e108","05c9b2d5-ce0d-4cdd-9305-92e310a1c792":"61355cac-d429-4676-b57b-0ec4f2a2015a","41c888eb-2c44-4b87-8c49-159db9283a2e":"8f1aa142-1ed7-40bd-9ce0-236e0b698956","7775ac98-40a8-4270-8367-76cfe1f378dc":"c0bbb487-94ab-4368-b38c-e982f2ea7472","d9c34e2b-25a7-4086-8ded-fe1b286bdc89":"7fabac6e-f3fe-4094-8446-aea7826aad85","98d6f5a0-a9d9-452d-9046-44701cad8f14":"510c5c8f-98ce-49ee-b8e9-c194de65dbca","05c1719f-bede-48a5-920b-486999033fc6":"f270b997-c545-4ca3-b0ef-ab03475074e8"},"template_id":176142177},"9dcc37b1-6e18-4184-9142-2b153291ec62":{"enabled":true,"tags":[],"children":["9054ee29-fae7-4269-b3d4-027e3f8cf5f4"],"position":[0,0,0],"rotation":[-0.00000432571,0,0],"scale":[100,100,100],"resource_id":"9dcc37b1-6e18-4184-9142-2b153291ec62","name":"Armature","components":{},"parent":"47f3177c-2a27-41ea-8624-6723fee36057"},"9054ee29-fae7-4269-b3d4-027e3f8cf5f4":{"enabled":true,"tags":[],"children":["da149b0b-005c-4165-b2ed-40ca533eea0a","f5ab52cf-9293-4887-bab1-4b1fbb90318c","05c9b2d5-ce0d-4cdd-9305-92e310a1c792"],"position":[0.000183415,0.922733,-0.00572196],"rotation":[-0.00322139,0.00437328,-0.158029],"scale":[1,1,1],"resource_id":"9054ee29-fae7-4269-b3d4-027e3f8cf5f4","name":"mixamorig:Hips","components":{},"parent":"9dcc37b1-6e18-4184-9142-2b153291ec62"},"da149b0b-005c-4165-b2ed-40ca533eea0a":{"enabled":true,"tags":[],"children":["8b518f67-11c0-468e-a521-02655c508e79"],"position":[9.23137e-11,0.120005,-0.010133],"rotation":[-4.82329,-0.00438216,0.158029],"scale":[1,1,1],"resource_id":"da149b0b-005c-4165-b2ed-40ca533eea0a","name":"mixamorig:Spine","components":{},"parent":"9054ee29-fae7-4269-b3d4-027e3f8cf5f4"},"8b518f67-11c0-468e-a521-02655c508e79":{"enabled":true,"tags":[],"children":["12e31820-98fa-4923-bb7f-2bdc301db8e1"],"position":[3.33397e-12,0.140505,-7.45068e-9],"rotation":[-7.73787e-24,1.14447e-11,-7.74762e-11],"scale":[1,1,1],"resource_id":"8b518f67-11c0-468e-a521-02655c508e79","name":"mixamorig:Spine1","components":{},"parent":"da149b0b-005c-4165-b2ed-40ca533eea0a"},"12e31820-98fa-4923-bb7f-2bdc301db8e1":{"enabled":true,"tags":[],"children":["31431c7b-69db-4ad3-80b7-5fa50d74f5d9","6e2bb927-c618-4214-992c-90e874d8f84f","a594883e-ea3b-452b-aa1b-8bebe18c006d"],"position":[-5.43144e-12,0.160576,-9.94066e-14],"rotation":[-8.62091e-35,-9.93923e-17,9.93923e-17],"scale":[1,1,1],"resource_id":"12e31820-98fa-4923-bb7f-2bdc301db8e1","name":"mixamorig:Spine2","components":{},"parent":"8b518f67-11c0-468e-a521-02655c508e79"},"31431c7b-69db-4ad3-80b7-5fa50d74f5d9":{"enabled":true,"tags":[],"children":["338e28fb-7ae2-4079-8e27-df7abddcba16"],"position":[-2.07558e-11,0.180648,-3.72539e-9],"rotation":[4.8265,-2.67563e-12,-2.6376e-11],"scale":[1,1,1],"resource_id":"31431c7b-69db-4ad3-80b7-5fa50d74f5d9","name":"mixamorig:Neck","components":{},"parent":"12e31820-98fa-4923-bb7f-2bdc301db8e1"},"338e28fb-7ae2-4079-8e27-df7abddcba16":{"enabled":true,"tags":[],"children":["3505cee9-4446-417e-a5fd-6351483c2923"],"position":[-3.45383e-11,0.0434747,0.0139666],"rotation":[-4.04407e-7,-9.3107e-17,-7.48434e-16],"scale":[1,1,1],"resource_id":"338e28fb-7ae2-4079-8e27-df7abddcba16","name":"mixamorig:Head","components":{},"parent":"31431c7b-69db-4ad3-80b7-5fa50d74f5d9"},"3505cee9-4446-417e-a5fd-6351483c2923":{"enabled":true,"tags":[],"children":[],"position":[6.25491e-12,0.25125,0.0807163],"rotation":[7.96042e-16,-7.87729e-19,-7.95513e-16],"scale":[1,1,1],"resource_id":"3505cee9-4446-417e-a5fd-6351483c2923","name":"mixamorig:HeadTop_End","components":{},"parent":"338e28fb-7ae2-4079-8e27-df7abddcba16"},"6e2bb927-c618-4214-992c-90e874d8f84f":{"enabled":true,"tags":[],"children":["542499b0-a625-4595-a4bc-6eb1c4270519"],"position":[0.0639033,0.155301,-0.00233658],"rotation":[112.507,91.5958,6.81294],"scale":[1,1,1],"resource_id":"6e2bb927-c618-4214-992c-90e874d8f84f","name":"mixamorig:LeftShoulder","components":{},"parent":"12e31820-98fa-4923-bb7f-2bdc301db8e1"},"542499b0-a625-4595-a4bc-6eb1c4270519":{"enabled":true,"tags":[],"children":["ae12a00a-b739-4e93-a7d1-f2b31ee9a5c6"],"position":[5.12227e-9,0.136123,-3.95812e-8],"rotation":[-15.6849,0.131422,1.60892],"scale":[1,1,1],"resource_id":"542499b0-a625-4595-a4bc-6eb1c4270519","name":"mixamorig:LeftArm","components":{},"parent":"6e2bb927-c618-4214-992c-90e874d8f84f"},"ae12a00a-b739-4e93-a7d1-f2b31ee9a5c6":{"enabled":true,"tags":[],"children":["4ddf04b6-5eb2-45b5-9613-f074282366ee"],"position":[-6.42879e-9,0.189234,5.54132e-8],"rotation":[0.0000212252,0.00239868,0.0000424125],"scale":[1,1,1],"resource_id":"ae12a00a-b739-4e93-a7d1-f2b31ee9a5c6","name":"mixamorig:LeftForeArm","components":{},"parent":"542499b0-a625-4595-a4bc-6eb1c4270519"},"4ddf04b6-5eb2-45b5-9613-f074282366ee":{"enabled":true,"tags":[],"children":["9299ed53-2c01-4b9c-9f5d-6704d6f782e8","e6b457e6-5823-4bef-9c9c-e785aa454ca4","43f87356-502a-4056-8a11-caa1b73db664","e3828ebc-c3dc-4400-bd28-4e08b3e2c6f7","f4c41219-d7c0-48d4-acbd-615ff128c849"],"position":[-8.79712e-9,0.309882,1.9528e-7],"rotation":[-0.66368,4.73732,-5.27381],"scale":[1,1,1],"resource_id":"4ddf04b6-5eb2-45b5-9613-f074282366ee","name":"mixamorig:LeftHand","components":{},"parent":"ae12a00a-b739-4e93-a7d1-f2b31ee9a5c6"},"9299ed53-2c01-4b9c-9f5d-6704d6f782e8":{"enabled":true,"tags":[],"children":["b230770b-c16c-42c8-9af5-d87acff23486"],"position":[-0.0300567,0.0327935,0.00595522],"rotation":[26.7886,4.02096,30.3],"scale":[1,1,1],"resource_id":"9299ed53-2c01-4b9c-9f5d-6704d6f782e8","name":"mixamorig:LeftHandThumb1","components":{},"parent":"4ddf04b6-5eb2-45b5-9613-f074282366ee"},"b230770b-c16c-42c8-9af5-d87acff23486":{"enabled":true,"tags":[],"children":["113fc290-17b2-4528-9ee7-5cdf7bdbfda8"],"position":[-0.00381533,0.0357013,1.78348e-7],"rotation":[0.00630213,0.334352,7.1627],"scale":[1,1,1],"resource_id":"b230770b-c16c-42c8-9af5-d87acff23486","name":"mixamorig:LeftHandThumb2","components":{},"parent":"9299ed53-2c01-4b9c-9f5d-6704d6f782e8"},"113fc290-17b2-4528-9ee7-5cdf7bdbfda8":{"enabled":true,"tags":[],"children":["1c0e0dda-a8c8-4628-8d51-1b90867e7939"],"position":[0.000698966,0.036952,6.72881e-8],"rotation":[-0.0241041,-0.254412,4.39526],"scale":[1,1,1],"resource_id":"113fc290-17b2-4528-9ee7-5cdf7bdbfda8","name":"mixamorig:LeftHandThumb3","components":{},"parent":"b230770b-c16c-42c8-9af5-d87acff23486"},"1c0e0dda-a8c8-4628-8d51-1b90867e7939":{"enabled":true,"tags":[],"children":[],"position":[0.00311632,0.0323319,-5.72763e-8],"rotation":[-0.000179719,-0.0000120061,0.0000839366],"scale":[1,1,1],"resource_id":"1c0e0dda-a8c8-4628-8d51-1b90867e7939","name":"mixamorig:LeftHandThumb4","components":{},"parent":"113fc290-17b2-4528-9ee7-5cdf7bdbfda8"},"e6b457e6-5823-4bef-9c9c-e785aa454ca4":{"enabled":true,"tags":[],"children":["55455725-160a-42b9-ba87-47b286541ec8"],"position":[-0.0282016,0.0995184,0.00228202],"rotation":[0.226108,-0.0524357,5.25551],"scale":[1,1,1],"resource_id":"e6b457e6-5823-4bef-9c9c-e785aa454ca4","name":"mixamorig:LeftHandIndex1","components":{},"parent":"4ddf04b6-5eb2-45b5-9613-f074282366ee"},"55455725-160a-42b9-ba87-47b286541ec8":{"enabled":true,"tags":[],"children":["70979175-9f17-477d-ae78-c7941639c598"],"position":[-0.00000387401,0.0277894,1.46536e-7],"rotation":[-0.000357738,0.0110567,0.196289],"scale":[1,1,1],"resource_id":"55455725-160a-42b9-ba87-47b286541ec8","name":"mixamorig:LeftHandIndex2","components":{},"parent":"e6b457e6-5823-4bef-9c9c-e785aa454ca4"},"70979175-9f17-477d-ae78-c7941639c598":{"enabled":true,"tags":[],"children":["5e171db3-a362-444c-8128-c9a3b10ffc7a"],"position":[0.000142494,0.0292529,1.61002e-7],"rotation":[0.000123864,0.0027593,-0.416595],"scale":[1,1,1],"resource_id":"70979175-9f17-477d-ae78-c7941639c598","name":"mixamorig:LeftHandIndex3","components":{},"parent":"55455725-160a-42b9-ba87-47b286541ec8"},"5e171db3-a362-444c-8128-c9a3b10ffc7a":{"enabled":true,"tags":[],"children":[],"position":[-0.000138618,0.0260594,1.96458e-8],"rotation":[0.000243206,-0.0000110639,-0.0000449684],"scale":[1,1,1],"resource_id":"5e171db3-a362-444c-8128-c9a3b10ffc7a","name":"mixamorig:LeftHandIndex4","components":{},"parent":"70979175-9f17-477d-ae78-c7941639c598"},"43f87356-502a-4056-8a11-caa1b73db664":{"enabled":true,"tags":[],"children":["e40c2832-6322-40c1-8d76-86b8993c8390"],"position":[-0.00933849,0.101257,0.000422625],"rotation":[0.225819,0.0697542,5.256],"scale":[1,1,1],"resource_id":"43f87356-502a-4056-8a11-caa1b73db664","name":"mixamorig:LeftHandMiddle1","components":{},"parent":"4ddf04b6-5eb2-45b5-9613-f074282366ee"},"e40c2832-6322-40c1-8d76-86b8993c8390":{"enabled":true,"tags":[],"children":["6aa6bcab-aaed-4f8d-af1a-eb8262f51bc0"],"position":[-0.0000419372,0.0322271,4.06738e-8],"rotation":[0.000214172,0.00000376205,-0.0000310172],"scale":[1,1,1],"resource_id":"e40c2832-6322-40c1-8d76-86b8993c8390","name":"mixamorig:LeftHandMiddle2","components":{},"parent":"43f87356-502a-4056-8a11-caa1b73db664"},"6aa6bcab-aaed-4f8d-af1a-eb8262f51bc0":{"enabled":true,"tags":[],"children":["c3c15525-59f6-4f84-83d9-653f449dedbe"],"position":[0.0000461139,0.0312167,-2.13573e-7],"rotation":[-0.0000348691,-0.000024546,0.00000712514],"scale":[1,1,1],"resource_id":"6aa6bcab-aaed-4f8d-af1a-eb8262f51bc0","name":"mixamorig:LeftHandMiddle3","components":{},"parent":"e40c2832-6322-40c1-8d76-86b8993c8390"},"c3c15525-59f6-4f84-83d9-653f449dedbe":{"enabled":true,"tags":[],"children":[],"position":[-0.00000417624,0.0272932,1.15957e-7],"rotation":[-0.0000517887,0.000013687,0.0000116236],"scale":[1,1,1],"resource_id":"c3c15525-59f6-4f84-83d9-653f449dedbe","name":"mixamorig:LeftHandMiddle4","components":{},"parent":"6aa6bcab-aaed-4f8d-af1a-eb8262f51bc0"},"e3828ebc-c3dc-4400-bd28-4e08b3e2c6f7":{"enabled":true,"tags":[],"children":["da11fac5-f065-4866-9396-5f7944b2b6fa"],"position":[0.00874511,0.103809,0.00126289],"rotation":[0.226174,0.206647,5.25655],"scale":[1,1,1],"resource_id":"e3828ebc-c3dc-4400-bd28-4e08b3e2c6f7","name":"mixamorig:LeftHandRing1","components":{},"parent":"4ddf04b6-5eb2-45b5-9613-f074282366ee"},"da11fac5-f065-4866-9396-5f7944b2b6fa":{"enabled":true,"tags":[],"children":["f8b99cfc-86fb-4f9d-aa8b-04f8cd93a8a8"],"position":[-0.0000145127,0.0290181,-1.48754e-7],"rotation":[-0.000144491,-0.0000226516,0.0000400979],"scale":[1,1,1],"resource_id":"da11fac5-f065-4866-9396-5f7944b2b6fa","name":"mixamorig:LeftHandRing2","components":{},"parent":"e3828ebc-c3dc-4400-bd28-4e08b3e2c6f7"},"f8b99cfc-86fb-4f9d-aa8b-04f8cd93a8a8":{"enabled":true,"tags":[],"children":["79d6b78e-092d-45bb-a71c-d17d5573a354"],"position":[0.0000431862,0.0282298,-1.17883e-7],"rotation":[0.0000536011,-5.20334e-7,-0.0000273285],"scale":[1,1,1],"resource_id":"f8b99cfc-86fb-4f9d-aa8b-04f8cd93a8a8","name":"mixamorig:LeftHandRing3","components":{},"parent":"da11fac5-f065-4866-9396-5f7944b2b6fa"},"79d6b78e-092d-45bb-a71c-d17d5573a354":{"enabled":true,"tags":[],"children":[],"position":[-0.0000286841,0.0247845,2.12825e-7],"rotation":[-0.0000604268,-0.0000167553,0.00000845606],"scale":[1,1,1],"resource_id":"79d6b78e-092d-45bb-a71c-d17d5573a354","name":"mixamorig:LeftHandRing4","components":{},"parent":"f8b99cfc-86fb-4f9d-aa8b-04f8cd93a8a8"},"f4c41219-d7c0-48d4-acbd-615ff128c849":{"enabled":true,"tags":[],"children":["b72620d4-9a82-4d32-a462-56ad37d42f05"],"position":[0.028795,0.103574,0.0013767],"rotation":[0.226115,-0.000285558,5.25569],"scale":[1,1,1],"resource_id":"f4c41219-d7c0-48d4-acbd-615ff128c849","name":"mixamorig:LeftHandPinky1","components":{},"parent":"4ddf04b6-5eb2-45b5-9613-f074282366ee"},"b72620d4-9a82-4d32-a462-56ad37d42f05":{"enabled":true,"tags":[],"children":["f966a943-437d-48ee-94cd-35ca8637b1c6"],"position":[0.0000431455,0.0230117,-8.45025e-8],"rotation":[0.000101671,-0.0000152345,0.0000145933],"scale":[1,1,1],"resource_id":"b72620d4-9a82-4d32-a462-56ad37d42f05","name":"mixamorig:LeftHandPinky2","components":{},"parent":"f4c41219-d7c0-48d4-acbd-615ff128c849"},"f966a943-437d-48ee-94cd-35ca8637b1c6":{"enabled":true,"tags":[],"children":["d5d48d36-08e0-4f79-89b1-d2a869d7a680"],"position":[-0.000016094,0.0179175,-9.53382e-8],"rotation":[-0.00012864,0.0000370059,0.0000483535],"scale":[1,1,1],"resource_id":"f966a943-437d-48ee-94cd-35ca8637b1c6","name":"mixamorig:LeftHandPinky3","components":{},"parent":"b72620d4-9a82-4d32-a462-56ad37d42f05"},"d5d48d36-08e0-4f79-89b1-d2a869d7a680":{"enabled":true,"tags":[],"children":[],"position":[-0.0000270748,0.0151059,3.61297e-9],"rotation":[0.000409644,5.33622e-7,-0.0000594319],"scale":[1,1,1],"resource_id":"d5d48d36-08e0-4f79-89b1-d2a869d7a680","name":"mixamorig:LeftHandPinky4","components":{},"parent":"f966a943-437d-48ee-94cd-35ca8637b1c6"},"a594883e-ea3b-452b-aa1b-8bebe18c006d":{"enabled":true,"tags":[],"children":["e5c2097c-cde2-468e-b8fe-a255da4e5e74"],"position":[-0.0639033,0.155268,-0.00194677],"rotation":[112.968,-91.246,-7.22958],"scale":[1,1,1],"resource_id":"a594883e-ea3b-452b-aa1b-8bebe18c006d","name":"mixamorig:RightShoulder","components":{},"parent":"12e31820-98fa-4923-bb7f-2bdc301db8e1"},"e5c2097c-cde2-468e-b8fe-a255da4e5e74":{"enabled":true,"tags":[],"children":["10028802-45bf-44d0-bb69-1a8365983051"],"position":[-2.79397e-9,0.136123,-5.02914e-8],"rotation":[-15.7326,-0.00211362,-1.28363],"scale":[1,1,1],"resource_id":"e5c2097c-cde2-468e-b8fe-a255da4e5e74","name":"mixamorig:RightArm","components":{},"parent":"a594883e-ea3b-452b-aa1b-8bebe18c006d"},"10028802-45bf-44d0-bb69-1a8365983051":{"enabled":true,"tags":[],"children":["cdc2ba86-4a65-47bf-8baf-41cea1fbed03"],"position":[-5.42698e-10,0.189317,7.08009e-8],"rotation":[0.000051292,-0.0264437,0.0000642397],"scale":[1,1,1],"resource_id":"10028802-45bf-44d0-bb69-1a8365983051","name":"mixamorig:RightForeArm","components":{},"parent":"e5c2097c-cde2-468e-b8fe-a255da4e5e74"},"cdc2ba86-4a65-47bf-8baf-41cea1fbed03":{"enabled":true,"tags":[],"children":["ed5edb3d-91b2-4120-9171-ecd8cb7e859d","69a5722e-dc52-4a44-97da-48890c82bb13","2fc24f7a-887a-41b5-822b-41409ef98d36","0f0b8e37-a454-446b-b32a-8f9e4692ed27","aff5d5ce-07d6-47c1-9abd-d18516e0dbdf"],"position":[-6.30962e-12,0.310233,-7.60974e-9],"rotation":[-0.828546,-4.87378,5.00508],"scale":[1,1,1],"resource_id":"cdc2ba86-4a65-47bf-8baf-41cea1fbed03","name":"mixamorig:RightHand","components":{},"parent":"10028802-45bf-44d0-bb69-1a8365983051"},"ed5edb3d-91b2-4120-9171-ecd8cb7e859d":{"enabled":true,"tags":[],"children":["56f86678-8587-419e-9878-63b7d375c01f"],"position":[0.0279366,0.0300066,0.00613886],"rotation":[27.0004,-3.16688,-33.2409],"scale":[1,1,1],"resource_id":"ed5edb3d-91b2-4120-9171-ecd8cb7e859d","name":"mixamorig:RightHandThumb1","components":{},"parent":"cdc2ba86-4a65-47bf-8baf-41cea1fbed03"},"56f86678-8587-419e-9878-63b7d375c01f":{"enabled":true,"tags":[],"children":["efea313c-74e6-4d25-8c81-cedb79f6f15a"],"position":[0.00169415,0.0331209,1.2666e-7],"rotation":[-0.00033153,-0.223709,-2.78371],"scale":[1,1,1],"resource_id":"56f86678-8587-419e-9878-63b7d375c01f","name":"mixamorig:RightHandThumb2","components":{},"parent":"ed5edb3d-91b2-4120-9171-ecd8cb7e859d"},"efea313c-74e6-4d25-8c81-cedb79f6f15a":{"enabled":true,"tags":[],"children":["61d7376f-63af-4606-8dfa-ee36a3cf1df0"],"position":[0.0000521938,0.0367718,-1.25438e-8],"rotation":[-0.00535771,0.105247,-3.0963],"scale":[1,1,1],"resource_id":"efea313c-74e6-4d25-8c81-cedb79f6f15a","name":"mixamorig:RightHandThumb3","components":{},"parent":"56f86678-8587-419e-9878-63b7d375c01f"},"61d7376f-63af-4606-8dfa-ee36a3cf1df0":{"enabled":true,"tags":[],"children":[],"position":[-0.00174633,0.0331594,-8.10251e-8],"rotation":[-0.000229665,0.0000019476,-0.0000342844],"scale":[1,1,1],"resource_id":"61d7376f-63af-4606-8dfa-ee36a3cf1df0","name":"mixamorig:RightHandThumb4","components":{},"parent":"efea313c-74e6-4d25-8c81-cedb79f6f15a"},"69a5722e-dc52-4a44-97da-48890c82bb13":{"enabled":true,"tags":[],"children":["76a2797d-7c69-40c9-b246-dcd6e90c06ca"],"position":[0.0278005,0.093777,0.00194437],"rotation":[0.400848,0.260686,-4.98523],"scale":[1,1,1],"resource_id":"69a5722e-dc52-4a44-97da-48890c82bb13","name":"mixamorig:RightHandIndex1","components":{},"parent":"cdc2ba86-4a65-47bf-8baf-41cea1fbed03"},"76a2797d-7c69-40c9-b246-dcd6e90c06ca":{"enabled":true,"tags":[],"children":["d45bd327-3ee3-471b-87ec-7d59aa8e9aba"],"position":[0.00000533393,0.0298593,1.51008e-8],"rotation":[-0.00023263,-0.00936467,-0.193612],"scale":[1,1,1],"resource_id":"76a2797d-7c69-40c9-b246-dcd6e90c06ca","name":"mixamorig:RightHandIndex2","components":{},"parent":"69a5722e-dc52-4a44-97da-48890c82bb13"},"d45bd327-3ee3-471b-87ec-7d59aa8e9aba":{"enabled":true,"tags":[],"children":["9d8d9d3f-93a5-462f-8788-fa10085381e1"],"position":[-0.000061895,0.0296276,1.74839e-7],"rotation":[-0.000024038,-0.00227186,0.41225],"scale":[1,1,1],"resource_id":"d45bd327-3ee3-471b-87ec-7d59aa8e9aba","name":"mixamorig:RightHandIndex3","components":{},"parent":"76a2797d-7c69-40c9-b246-dcd6e90c06ca"},"9d8d9d3f-93a5-462f-8788-fa10085381e1":{"enabled":true,"tags":[],"children":[],"position":[0.000056549,0.0262801,9.3537e-9],"rotation":[0.000239971,-0.00000739558,0.0000386074],"scale":[1,1,1],"resource_id":"9d8d9d3f-93a5-462f-8788-fa10085381e1","name":"mixamorig:RightHandIndex4","components":{},"parent":"d45bd327-3ee3-471b-87ec-7d59aa8e9aba"},"2fc24f7a-887a-41b5-822b-41409ef98d36":{"enabled":true,"tags":[],"children":["641fe588-2aee-442f-9a0f-8941e9ba419a"],"position":[0.00867009,0.0998713,0.000676489],"rotation":[0.400604,0.437716,-4.984],"scale":[1,1,1],"resource_id":"2fc24f7a-887a-41b5-822b-41409ef98d36","name":"mixamorig:RightHandMiddle1","components":{},"parent":"cdc2ba86-4a65-47bf-8baf-41cea1fbed03"},"641fe588-2aee-442f-9a0f-8941e9ba419a":{"enabled":true,"tags":[],"children":["d1deb94e-9514-4819-9215-cb24d807a894"],"position":[0.00000980821,0.0315115,8.18322e-8],"rotation":[0.000376044,-0.00984674,-0.181296],"scale":[1,1,1],"resource_id":"641fe588-2aee-442f-9a0f-8941e9ba419a","name":"mixamorig:RightHandMiddle2","components":{},"parent":"2fc24f7a-887a-41b5-822b-41409ef98d36"},"d1deb94e-9514-4819-9215-cb24d807a894":{"enabled":true,"tags":[],"children":["ecd4707f-11b7-4566-a4c5-137ac9de56a1"],"position":[-0.0000671924,0.0316533,-1.47338e-10],"rotation":[-0.00014461,-0.00209942,0.386651],"scale":[1,1,1],"resource_id":"d1deb94e-9514-4819-9215-cb24d807a894","name":"mixamorig:RightHandMiddle3","components":{},"parent":"641fe588-2aee-442f-9a0f-8941e9ba419a"},"ecd4707f-11b7-4566-a4c5-137ac9de56a1":{"enabled":true,"tags":[],"children":[],"position":[0.0000573588,0.0279797,-2.09347e-8],"rotation":[-0.0000474386,-0.0000107686,-0.00000181895],"scale":[1,1,1],"resource_id":"ecd4707f-11b7-4566-a4c5-137ac9de56a1","name":"mixamorig:RightHandMiddle4","components":{},"parent":"d1deb94e-9514-4819-9215-cb24d807a894"},"0f0b8e37-a454-446b-b32a-8f9e4692ed27":{"enabled":true,"tags":[],"children":["7eec957d-0c89-4bb9-b853-dba3fbadb3c6"],"position":[-0.00854865,0.10629,0.000704513],"rotation":[0.400892,0.170874,-4.98592],"scale":[1,1,1],"resource_id":"0f0b8e37-a454-446b-b32a-8f9e4692ed27","name":"mixamorig:RightHandRing1","components":{},"parent":"cdc2ba86-4a65-47bf-8baf-41cea1fbed03"},"7eec957d-0c89-4bb9-b853-dba3fbadb3c6":{"enabled":true,"tags":[],"children":["c628126a-e3f9-40a5-8bd5-6eb723849607"],"position":[0.0000110314,0.0285261,-4.38649e-9],"rotation":[-0.00025856,0.0000258795,-0.0000739783],"scale":[1,1,1],"resource_id":"7eec957d-0c89-4bb9-b853-dba3fbadb3c6","name":"mixamorig:RightHandRing2","components":{},"parent":"0f0b8e37-a454-446b-b32a-8f9e4692ed27"},"c628126a-e3f9-40a5-8bd5-6eb723849607":{"enabled":true,"tags":[],"children":["adbec05a-74a0-4f14-995b-aed5969a2100"],"position":[-0.0000186548,0.027849,8.97694e-8],"rotation":[-0.0000222479,-0.000010352,0.0000327067],"scale":[1,1,1],"resource_id":"c628126a-e3f9-40a5-8bd5-6eb723849607","name":"mixamorig:RightHandRing3","components":{},"parent":"7eec957d-0c89-4bb9-b853-dba3fbadb3c6"},"adbec05a-74a0-4f14-995b-aed5969a2100":{"enabled":true,"tags":[],"children":[],"position":[0.00000760054,0.0240062,-1.59179e-7],"rotation":[0.000377871,-0.0000070168,0.000046049],"scale":[1,1,1],"resource_id":"adbec05a-74a0-4f14-995b-aed5969a2100","name":"mixamorig:RightHandRing4","components":{},"parent":"c628126a-e3f9-40a5-8bd5-6eb723849607"},"aff5d5ce-07d6-47c1-9abd-d18516e0dbdf":{"enabled":true,"tags":[],"children":["bf242ad0-0358-4e59-b447-0b2f72c5bd8a"],"position":[-0.027922,0.107428,0.00157171],"rotation":[0.401002,0.246708,-4.98529],"scale":[1,1,1],"resource_id":"aff5d5ce-07d6-47c1-9abd-d18516e0dbdf","name":"mixamorig:RightHandPinky1","components":{},"parent":"cdc2ba86-4a65-47bf-8baf-41cea1fbed03"},"bf242ad0-0358-4e59-b447-0b2f72c5bd8a":{"enabled":true,"tags":[],"children":["c9cb1005-7e4f-4410-85cf-365e2e0b5db9"],"position":[-0.0000408784,0.0218828,1.30549e-8],"rotation":[-0.000402703,-0.0000418086,-0.0000828022],"scale":[1,1,1],"resource_id":"bf242ad0-0358-4e59-b447-0b2f72c5bd8a","name":"mixamorig:RightHandPinky2","components":{},"parent":"aff5d5ce-07d6-47c1-9abd-d18516e0dbdf"},"c9cb1005-7e4f-4410-85cf-365e2e0b5db9":{"enabled":true,"tags":[],"children":["1c1a9061-c08b-4a13-ba8e-9c0ef0635344"],"position":[-0.0000138285,0.0182444,1.66578e-7],"rotation":[-0.00020185,-0.0286814,0.39242],"scale":[1,1,1],"resource_id":"c9cb1005-7e4f-4410-85cf-365e2e0b5db9","name":"mixamorig:RightHandPinky3","components":{},"parent":"bf242ad0-0358-4e59-b447-0b2f72c5bd8a"},"1c1a9061-c08b-4a13-ba8e-9c0ef0635344":{"enabled":true,"tags":[],"children":[],"position":[0.0000546998,0.0146615,4.60668e-8],"rotation":[0.000872696,-0.0000132849,0.000135093],"scale":[1,1,1],"resource_id":"1c1a9061-c08b-4a13-ba8e-9c0ef0635344","name":"mixamorig:RightHandPinky4","components":{},"parent":"c9cb1005-7e4f-4410-85cf-365e2e0b5db9"},"f5ab52cf-9293-4887-bab1-4b1fbb90318c":{"enabled":true,"tags":[],"children":["5c141c77-fa76-481b-8011-705e9399f70a"],"position":[0.0861285,-0.0666876,0.00397295],"rotation":[3.25167,-0.117415,-178.493],"scale":[1,1,1],"resource_id":"f5ab52cf-9293-4887-bab1-4b1fbb90318c","name":"mixamorig:LeftUpLeg","components":{},"parent":"9054ee29-fae7-4269-b3d4-027e3f8cf5f4"},"5c141c77-fa76-481b-8011-705e9399f70a":{"enabled":true,"tags":[],"children":["c9a2fc4c-2a69-480a-9de1-85456dce63bc"],"position":[3.89264e-9,0.394275,5.23869e-9],"rotation":[-10.6889,-0.17639,-2.89003],"scale":[1,1,1],"resource_id":"5c141c77-fa76-481b-8011-705e9399f70a","name":"mixamorig:LeftLeg","components":{},"parent":"f5ab52cf-9293-4887-bab1-4b1fbb90318c"},"c9a2fc4c-2a69-480a-9de1-85456dce63bc":{"enabled":true,"tags":[],"children":["ea117914-bf71-4d91-9694-d373cb578870"],"position":[-6.98492e-9,0.34351,-1.41154e-9],"rotation":[68.9513,-2.53264,-1.33276],"scale":[1,1,1],"resource_id":"c9a2fc4c-2a69-480a-9de1-85456dce63bc","name":"mixamorig:LeftFoot","components":{},"parent":"5c141c77-fa76-481b-8011-705e9399f70a"},"ea117914-bf71-4d91-9694-d373cb578870":{"enabled":true,"tags":[],"children":["d7be4591-8025-45bd-a977-fcff633c585f"],"position":[4.65661e-10,0.167148,2.32831e-9],"rotation":[32.0125,2.72781,-0.0000177727],"scale":[1,1,1],"resource_id":"ea117914-bf71-4d91-9694-d373cb578870","name":"mixamorig:LeftToeBase","components":{},"parent":"c9a2fc4c-2a69-480a-9de1-85456dce63bc"},"d7be4591-8025-45bd-a977-fcff633c585f":{"enabled":true,"tags":[],"children":[],"position":[-1.46247e-9,0.070188,1.60071e-9],"rotation":[-0.00000707704,0.00000578798,-0.00000597558],"scale":[1,1,1],"resource_id":"d7be4591-8025-45bd-a977-fcff633c585f","name":"mixamorig:LeftToe_End","components":{},"parent":"ea117914-bf71-4d91-9694-d373cb578870"},"05c9b2d5-ce0d-4cdd-9305-92e310a1c792":{"enabled":true,"tags":[],"children":["41c888eb-2c44-4b87-8c49-159db9283a2e"],"position":[-0.0861285,-0.0666877,0.0075159],"rotation":[2.31756,0.111206,178.799],"scale":[1,1,1],"resource_id":"05c9b2d5-ce0d-4cdd-9305-92e310a1c792","name":"mixamorig:RightUpLeg","components":{},"parent":"9054ee29-fae7-4269-b3d4-027e3f8cf5f4"},"41c888eb-2c44-4b87-8c49-159db9283a2e":{"enabled":true,"tags":[],"children":["7775ac98-40a8-4270-8367-76cfe1f378dc"],"position":[3.41606e-9,0.394323,-1.3315e-9],"rotation":[-9.27053,0.150231,2.91108],"scale":[1,1,1],"resource_id":"41c888eb-2c44-4b87-8c49-159db9283a2e","name":"mixamorig:RightLeg","components":{},"parent":"05c9b2d5-ce0d-4cdd-9305-92e310a1c792"},"7775ac98-40a8-4270-8367-76cfe1f378dc":{"enabled":true,"tags":[],"children":["d9c34e2b-25a7-4086-8ded-fe1b286bdc89"],"position":[-4.22369e-9,0.343287,6.33008e-10],"rotation":[69.2094,2.43162,1.23319],"scale":[1,1,1],"resource_id":"7775ac98-40a8-4270-8367-76cfe1f378dc","name":"mixamorig:RightFoot","components":{},"parent":"41c888eb-2c44-4b87-8c49-159db9283a2e"},"d9c34e2b-25a7-4086-8ded-fe1b286bdc89":{"enabled":true,"tags":[],"children":["98d6f5a0-a9d9-452d-9046-44701cad8f14"],"position":[-2.44472e-9,0.171275,9.77889e-9],"rotation":[31.2718,-2.55027,0.0000291607],"scale":[1,1,1],"resource_id":"d9c34e2b-25a7-4086-8ded-fe1b286bdc89","name":"mixamorig:RightToeBase","components":{},"parent":"7775ac98-40a8-4270-8367-76cfe1f378dc"},"98d6f5a0-a9d9-452d-9046-44701cad8f14":{"enabled":true,"tags":[],"children":[],"position":[3.0268e-9,0.070015,3.3906e-9],"rotation":[0.00000833784,0.0000131434,-0.0000133761],"scale":[1,1,1],"resource_id":"98d6f5a0-a9d9-452d-9046-44701cad8f14","name":"mixamorig:RightToe_End","components":{},"parent":"d9c34e2b-25a7-4086-8ded-fe1b286bdc89"},"05c1719f-bede-48a5-920b-486999033fc6":{"enabled":true,"tags":[],"children":[],"position":[-8.74219e-9,-2.91406e-8,4.19625e-7],"rotation":[-0.00000432571,-2.66804e-8,-1.70921e-7],"scale":[100,100,100],"resource_id":"05c1719f-bede-48a5-920b-486999033fc6","name":"KFC_Colnel_-_Stylized","components":{"render":{"enabled":true,"type":"asset","asset":176142175,"materialAssets":[176142142,176142144,176142150,176142167,176142165,176142168,176142140,176142141,176142143],"layers":[0],"batchGroupId":null,"castShadows":true,"castShadowsLightmap":true,"receiveShadows":true,"lightmapped":false,"lightmapSizeMultiplier":1,"castShadowsLightMap":true,"lightMapped":false,"lightMapSizeMultiplier":1,"isStatic":false,"rootBone":"9054ee29-fae7-4269-b3d4-027e3f8cf5f4"}},"parent":"47f3177c-2a27-41ea-8624-6723fee36057"}},"checkpoint_id":"41a6cfa0-d3bf-42d5-a72b-8ab1949461ce","branch_id":"e9388927-84b7-46d8-b6d3-0544c7295565","_type":"http://sharejs.org/types/JSONv0","_v":1,"_m":{"mtime":1714129235721,"ctime":1699961299373.729},"_o":"662b8953d2f3749b884f8531","id":"1987721"},"1987787":{"scene":1987787,"project_id":1211099,"name":"test-scene","settings":{"physics":{"gravity":[0,-9.8,0]},"render":{"lightmapFilterRange":10,"fog_end":1000,"lightmapFilterEnabled":false,"ambientBake":false,"tonemapping":0,"lightingAreaLightsEnabled":false,"lightingShadowType":0,"ambientBakeOcclusionContrast":0,"skybox":null,"lightingCookieAtlasResolution":2048,"fog_density":0.01,"lightmapFilterSmoothness":0.2,"gamma_correction":1,"exposure":1,"lightingShadowsEnabled":true,"fog_start":1,"skyboxIntensity":1,"global_ambient":[0.2,0.2,0.2],"ambientBakeNumSamples":1,"fog_color":[0,0,0],"lightingCells":[10,3,10],"lightmapMode":1,"lightingCookiesEnabled":false,"clusteredLightingEnabled":true,"ambientBakeSpherePart":0.4,"fog":"none","ambientBakeOcclusionBrightness":0,"lightmapMaxResolution":2048,"lightingMaxLightsPerCell":255,"lightingShadowAtlasResolution":2048,"skyboxMip":0,"lightmapSizeMultiplier":16,"skyboxRotation":[0,0,0],"skyType":"infinite","skyMeshPosition":[0,0,0],"skyMeshRotation":[0,0,0],"skyMeshScale":[100,100,100],"skyCenter":[0,0.1,0]}},"entities":{"79d68251-e717-48bb-a37c-696a9561472b":{"name":"Root","parent":null,"resource_id":"79d68251-e717-48bb-a37c-696a9561472b","tags":[],"enabled":true,"components":{},"scale":[1,1,1],"position":[0,0,0],"rotation":[0,0,0],"children":["24ab47df-c9ed-471b-afa8-6fb69550bfed","e0cde324-ebcf-4794-bf20-eeeb06546ca1","6e41d3df-035d-4dea-a418-17d5983ad469","e47c72af-8ea3-4908-98f8-2f1b24a4e5fc"]},"24ab47df-c9ed-471b-afa8-6fb69550bfed":{"name":"Camera","parent":"79d68251-e717-48bb-a37c-696a9561472b","resource_id":"24ab47df-c9ed-471b-afa8-6fb69550bfed","tags":[],"enabled":true,"components":{"camera":{"fov":45,"projection":0,"clearColor":[0.118,0.118,0.118,1],"clearColorBuffer":true,"clearDepthBuffer":true,"frustumCulling":true,"enabled":true,"orthoHeight":4,"farClip":1000,"nearClip":0.1,"priority":0,"rect":[0,0,1,1],"layers":[0,1,2,3,4]}},"scale":[1,1,1],"position":[4,3.5,4],"rotation":[-30,45,0],"children":[]},"e0cde324-ebcf-4794-bf20-eeeb06546ca1":{"name":"Light","parent":"79d68251-e717-48bb-a37c-696a9561472b","resource_id":"e0cde324-ebcf-4794-bf20-eeeb06546ca1","tags":[],"enabled":true,"components":{"light":{"enabled":true,"bake":false,"bakeNumSamples":1,"bakeArea":0,"bakeDir":true,"affectDynamic":true,"affectLightmapped":false,"isStatic":false,"color":[1,1,1],"intensity":1,"type":"directional","shadowDistance":16,"range":8,"innerConeAngle":40,"outerConeAngle":45,"shape":0,"falloffMode":0,"castShadows":true,"shadowUpdateMode":2,"shadowType":0,"shadowResolution":1024,"shadowBias":0.4,"normalOffsetBias":0.05,"vsmBlurMode":1,"vsmBlurSize":11,"vsmBias":0.01,"cookieAsset":null,"cookieIntensity":1,"cookieFalloff":true,"cookieChannel":"rgb","cookieAngle":0,"cookieScale":[1,1],"cookieOffset":[0,0],"layers":[0]}},"scale":[1,1,1],"position":[2,2,-2],"rotation":[45,135,0],"children":[]},"6e41d3df-035d-4dea-a418-17d5983ad469":{"name":"Box","parent":"79d68251-e717-48bb-a37c-696a9561472b","resource_id":"6e41d3df-035d-4dea-a418-17d5983ad469","tags":[],"enabled":true,"components":{"render":{"enabled":true,"type":"box","asset":null,"materialAssets":[null],"castShadows":true,"receiveShadows":true,"lightmapped":false,"lightmapSizeMultiplier":1,"castShadowsLightmap":true,"rootBone":null,"isStatic":false,"layers":[0],"batchGroupId":null}},"scale":[1,1,1],"position":[0,0.5,0],"rotation":[0,0,0],"children":[]},"e47c72af-8ea3-4908-98f8-2f1b24a4e5fc":{"name":"Plane","parent":"79d68251-e717-48bb-a37c-696a9561472b","resource_id":"e47c72af-8ea3-4908-98f8-2f1b24a4e5fc","tags":[],"enabled":true,"components":{"render":{"enabled":true,"type":"plane","asset":null,"materialAssets":[null],"castShadows":true,"receiveShadows":true,"lightmapped":false,"lightmapSizeMultiplier":1,"castShadowsLightmap":true,"rootBone":null,"isStatic":false,"layers":[0],"batchGroupId":null}},"scale":[8,1,8],"position":[0,0,0],"rotation":[0,0,0],"children":[]}},"created":"2024-04-22T09:18:58.848Z","_type":"http://sharejs.org/types/JSONv0","_m":{"mtime":1714128224238,"ctime":1713777538848},"_v":1,"checkpoint_id":"41a6cfa0-d3bf-42d5-a72b-8ab1949461ce","branch_id":"e9388927-84b7-46d8-b6d3-0544c7295565","id":"1987787"},"1987788":{"scene":1987788,"project_id":1211099,"name":"Test","settings":{"physics":{"gravity":[0,-9.8,0]},"render":{"lightmapFilterRange":10,"fog_end":1000,"lightmapFilterEnabled":false,"ambientBake":false,"tonemapping":0,"lightingAreaLightsEnabled":false,"lightingShadowType":0,"ambientBakeOcclusionContrast":0,"skybox":null,"lightingCookieAtlasResolution":2048,"fog_density":0.01,"lightmapFilterSmoothness":0.2,"gamma_correction":1,"exposure":1,"lightingShadowsEnabled":true,"fog_start":1,"skyboxIntensity":1,"global_ambient":[0.2,0.2,0.2],"ambientBakeNumSamples":1,"fog_color":[0,0,0],"lightingCells":[10,3,10],"lightmapMode":1,"lightingCookiesEnabled":false,"clusteredLightingEnabled":true,"ambientBakeSpherePart":0.4,"fog":"none","ambientBakeOcclusionBrightness":0,"lightmapMaxResolution":2048,"lightingMaxLightsPerCell":255,"lightingShadowAtlasResolution":2048,"skyboxMip":0,"lightmapSizeMultiplier":16,"skyboxRotation":[0,0,0],"skyType":"infinite","skyMeshPosition":[0,0,0],"skyMeshRotation":[0,0,0],"skyMeshScale":[100,100,100],"skyCenter":[0,0.1,0]}},"entities":{"2eea03a7-75d1-4d15-b34c-e4e1628fdebd":{"name":"Root","parent":null,"resource_id":"2eea03a7-75d1-4d15-b34c-e4e1628fdebd","tags":[],"enabled":true,"components":{},"scale":[1,1,1],"position":[0,0,0],"rotation":[0,0,0],"children":["29bcf040-890f-4c09-afe1-28aaaec6ddf4","db6a8a89-e97e-415f-ac35-397e27311610","a0b21962-6631-4135-878b-27010564139d","38814f8b-21c0-4639-839d-d5d1cd460dd5"]},"29bcf040-890f-4c09-afe1-28aaaec6ddf4":{"name":"Camera","parent":"2eea03a7-75d1-4d15-b34c-e4e1628fdebd","resource_id":"29bcf040-890f-4c09-afe1-28aaaec6ddf4","tags":[],"enabled":true,"components":{"camera":{"fov":45,"projection":0,"clearColor":[0.118,0.118,0.118,1],"clearColorBuffer":true,"clearDepthBuffer":true,"frustumCulling":true,"enabled":true,"orthoHeight":4,"farClip":1000,"nearClip":0.1,"priority":0,"rect":[0,0,1,1],"layers":[0,1,2,3,4]}},"scale":[1,1,1],"position":[4,3.5,4],"rotation":[-30,45,0],"children":[]},"db6a8a89-e97e-415f-ac35-397e27311610":{"name":"Light","parent":"2eea03a7-75d1-4d15-b34c-e4e1628fdebd","resource_id":"db6a8a89-e97e-415f-ac35-397e27311610","tags":[],"enabled":true,"components":{"light":{"enabled":true,"bake":false,"bakeNumSamples":1,"bakeArea":0,"bakeDir":true,"affectDynamic":true,"affectLightmapped":false,"isStatic":false,"color":[1,1,1],"intensity":1,"type":"directional","shadowDistance":16,"range":8,"innerConeAngle":40,"outerConeAngle":45,"shape":0,"falloffMode":0,"castShadows":true,"shadowUpdateMode":2,"shadowType":0,"shadowResolution":1024,"shadowBias":0.4,"normalOffsetBias":0.05,"vsmBlurMode":1,"vsmBlurSize":11,"vsmBias":0.01,"cookieAsset":null,"cookieIntensity":1,"cookieFalloff":true,"cookieChannel":"rgb","cookieAngle":0,"cookieScale":[1,1],"cookieOffset":[0,0],"layers":[0]}},"scale":[1,1,1],"position":[2,2,-2],"rotation":[45,135,0],"children":[]},"a0b21962-6631-4135-878b-27010564139d":{"name":"Box","parent":"2eea03a7-75d1-4d15-b34c-e4e1628fdebd","resource_id":"a0b21962-6631-4135-878b-27010564139d","tags":[],"enabled":true,"components":{"render":{"enabled":true,"type":"box","asset":null,"materialAssets":[null],"castShadows":true,"receiveShadows":true,"lightmapped":false,"lightmapSizeMultiplier":1,"castShadowsLightmap":true,"rootBone":null,"isStatic":false,"layers":[0],"batchGroupId":null}},"scale":[1,1,1],"position":[0,0.5,0],"rotation":[0,0,0],"children":[]},"38814f8b-21c0-4639-839d-d5d1cd460dd5":{"name":"Plane","parent":"2eea03a7-75d1-4d15-b34c-e4e1628fdebd","resource_id":"38814f8b-21c0-4639-839d-d5d1cd460dd5","tags":[],"enabled":true,"components":{"render":{"enabled":true,"type":"plane","asset":null,"materialAssets":[null],"castShadows":true,"receiveShadows":true,"lightmapped":false,"lightmapSizeMultiplier":1,"castShadowsLightmap":true,"rootBone":null,"isStatic":false,"layers":[0],"batchGroupId":null}},"scale":[8,1,8],"position":[0,0,0],"rotation":[0,0,0],"children":[]}},"created":"2024-04-22T09:19:20.153Z","_type":"http://sharejs.org/types/JSONv0","_m":{"mtime":1714128224238,"ctime":1713777560153},"_v":1,"checkpoint_id":"41a6cfa0-d3bf-42d5-a72b-8ab1949461ce","branch_id":"e9388927-84b7-46d8-b6d3-0544c7295565","id":"1987788"}}