[{"filename":"KFC.png","data":{"addressu":"repeat","addressv":"repeat","minfilter":"linear_mip_linear","magfilter":"linear","anisotropy":1}},{"filename":"Building_House_03_color03.png","data":{"addressu":"repeat","addressv":"repeat","minfilter":"linear_mip_linear","magfilter":"linear","anisotropy":1}},{"filename":"Props_RoofProps.png","data":{"addressu":"repeat","addressv":"repeat","minfilter":"linear_mip_linear","magfilter":"linear","anisotropy":1}},{"filename":"Natures.png","data":{"addressu":"repeat","addressv":"repeat","minfilter":"linear_mip_linear","magfilter":"linear","anisotropy":1}},{"filename":"Road.png","data":{"addressu":"repeat","addressv":"repeat","minfilter":"linear_mip_linear","magfilter":"linear","anisotropy":1}},{"filename":"Building_House_03_color02.png","data":{"addressu":"repeat","addressv":"repeat","minfilter":"linear_mip_linear","magfilter":"linear","anisotropy":1}},{"filename":"Props_BillBoard_small.png","data":{"addressu":"repeat","addressv":"repeat","minfilter":"linear_mip_linear","magfilter":"linear","anisotropy":1}},{"filename":"Props_TrafficProps.png","data":{"addressu":"repeat","addressv":"repeat","minfilter":"linear_mip_linear","magfilter":"linear","anisotropy":1}},{"filename":"Building_Chicken Shop.png","data":{"addressu":"repeat","addressv":"repeat","minfilter":"linear_mip_linear","magfilter":"linear","anisotropy":1}},{"filename":"Props_Props_01.png","data":{"addressu":"repeat","addressv":"repeat","minfilter":"linear_mip_linear","magfilter":"linear","anisotropy":1}},{"filename":"Building_House_01_color01.png","data":{"addressu":"repeat","addressv":"repeat","minfilter":"linear_mip_linear","magfilter":"linear","anisotropy":1}},{"filename":"Building Sky_big_color01.png","data":{"addressu":"repeat","addressv":"repeat","minfilter":"linear_mip_linear","magfilter":"linear","anisotropy":1}},{"filename":"Building Sky_small_color03.png","data":{"addressu":"repeat","addressv":"repeat","minfilter":"linear_mip_linear","magfilter":"linear","anisotropy":1}},{"filename":"Building Sky_small_color02.png","data":{"addressu":"repeat","addressv":"repeat","minfilter":"linear_mip_linear","magfilter":"linear","anisotropy":1}},{"filename":"Vehicle_Car_3.png","data":{"addressu":"repeat","addressv":"repeat","minfilter":"linear_mip_linear","magfilter":"linear","anisotropy":1}},{"filename":"Vehicle_Taxi.png","data":{"addressu":"repeat","addressv":"repeat","minfilter":"linear_mip_linear","magfilter":"linear","anisotropy":1}},{"filename":"Building_Residential_color03.png","data":{"addressu":"repeat","addressv":"repeat","minfilter":"linear_mip_linear","magfilter":"linear","anisotropy":1}},{"filename":"Building_Gift Shop.png","data":{"addressu":"repeat","addressv":"repeat","minfilter":"linear_mip_linear","magfilter":"linear","anisotropy":1}},{"filename":"Building Sky_big_color02.png","data":{"addressu":"repeat","addressv":"repeat","minfilter":"linear_mip_linear","magfilter":"linear","anisotropy":1}},{"filename":"Vehicle_Pick up Truck_2.png","data":{"addressu":"repeat","addressv":"repeat","minfilter":"linear_mip_linear","magfilter":"linear","anisotropy":1}},{"filename":"Building Sky_big_color03.png","data":{"addressu":"repeat","addressv":"repeat","minfilter":"linear_mip_linear","magfilter":"linear","anisotropy":1}},{"filename":"Building_Music Store.png","data":{"addressu":"repeat","addressv":"repeat","minfilter":"linear_mip_linear","magfilter":"linear","anisotropy":1}},{"filename":"Vehicle_Pick up Truck_3.png","data":{"addressu":"repeat","addressv":"repeat","minfilter":"linear_mip_linear","magfilter":"linear","anisotropy":1}},{"filename":"Building Sky_small_color01.png","data":{"addressu":"repeat","addressv":"repeat","minfilter":"linear_mip_linear","magfilter":"linear","anisotropy":1}},{"filename":"Building_Pizza.png","data":{"addressu":"repeat","addressv":"repeat","minfilter":"linear_mip_linear","magfilter":"linear","anisotropy":1}},{"filename":"Building_House_01_color02.png","data":{"addressu":"repeat","addressv":"repeat","minfilter":"linear_mip_linear","magfilter":"linear","anisotropy":1}},{"filename":"Building_Bar.png","data":{"addressu":"repeat","addressv":"repeat","minfilter":"linear_mip_linear","magfilter":"linear","anisotropy":1}},{"filename":"Building_House_02_color03.png","data":{"addressu":"repeat","addressv":"repeat","minfilter":"linear_mip_linear","magfilter":"linear","anisotropy":1}},{"filename":"Vehicle_SUV_1.png","data":{"addressu":"repeat","addressv":"repeat","minfilter":"linear_mip_linear","magfilter":"linear","anisotropy":1}},{"filename":"Building_Auto Service.png","data":{"addressu":"repeat","addressv":"repeat","minfilter":"linear_mip_linear","magfilter":"linear","anisotropy":1}},{"filename":"Building_House_02_color02.png","data":{"addressu":"repeat","addressv":"repeat","minfilter":"linear_mip_linear","magfilter":"linear","anisotropy":1}},{"filename":"Vehicle_SUV_3.png","data":{"addressu":"repeat","addressv":"repeat","minfilter":"linear_mip_linear","magfilter":"linear","anisotropy":1}},{"filename":"Vehicle_Pick up Truck_1.png","data":{"addressu":"repeat","addressv":"repeat","minfilter":"linear_mip_linear","magfilter":"linear","anisotropy":1}},{"filename":"Vehicle_Car_2.png","data":{"addressu":"repeat","addressv":"repeat","minfilter":"linear_mip_linear","magfilter":"linear","anisotropy":1}}]