{"materialInfo":{"version":1,"textures":[{"name":"base_color_texture","uri":"Stylized_lp_KFC_Colnel - Stylizedy_BaseColor.png","addressu":"repeat","addressv":"repeat","minfilter":"linear_mip_linear","magfilter":"linear","anisotropy":1},{"name":"roughness_texture","uri":"Stylized_lp_KFC_Colnel - Stylizedy_Roughness.png","addressu":"repeat","addressv":"repeat","minfilter":"linear_mip_linear","magfilter":"linear","anisotropy":1},{"name":"normalmap_texture","uri":"Stylized_lp_KFC_Colnel - Stylizedy_Normal.png","addressu":"repeat","addressv":"repeat","minfilter":"linear_mip_linear","magfilter":"linear","anisotropy":1},{"name":"base_color_texture","uri":"Std_Upper_Teeth_Diffuse.png","addressu":"repeat","addressv":"repeat","minfilter":"linear_mip_linear","magfilter":"linear","anisotropy":1},{"name":"base_color_texture","uri":"Std_Lower_Teeth_Diffuse.png","addressu":"repeat","addressv":"repeat","minfilter":"linear_mip_linear","magfilter":"linear","anisotropy":1},{"name":"base_color_texture","uri":"Std_Tongue_Diffuse.png","addressu":"repeat","addressv":"repeat","minfilter":"linear_mip_linear","magfilter":"linear","anisotropy":1},{"name":"base_color_texture","uri":"Std_Cornea_R_Diffuse.jpg","addressu":"repeat","addressv":"repeat","minfilter":"linear_mip_linear","magfilter":"linear","anisotropy":1},{"name":"base_color_texture","uri":"Glasses_silver_BaseColor.png","addressu":"repeat","addressv":"repeat","minfilter":"linear_mip_linear","magfilter":"linear","anisotropy":1},{"name":"roughness_texture","uri":"Glasses_silver_Roughness.png","addressu":"repeat","addressv":"repeat","minfilter":"linear_mip_linear","magfilter":"linear","anisotropy":1},{"name":"normalmap_texture","uri":"Glasses_silver_Normal.png","addressu":"repeat","addressv":"repeat","minfilter":"linear_mip_linear","magfilter":"linear","anisotropy":1},{"name":"base_color_texture","uri":"Stylized_lp_Coat_Suit_BaseColor.png","addressu":"repeat","addressv":"repeat","minfilter":"linear_mip_linear","magfilter":"linear","anisotropy":1},{"name":"roughness_texture","uri":"Stylized_lp_Coat_Suit_Roughness.png","addressu":"repeat","addressv":"repeat","minfilter":"linear_mip_linear","magfilter":"linear","anisotropy":1},{"name":"normalmap_texture","uri":"Stylized_lp_Coat_Suit_Normal.png","addressu":"repeat","addressv":"repeat","minfilter":"linear_mip_linear","magfilter":"linear","anisotropy":1},{"name":"base_color_texture","uri":"Stylized_lp_Shoe_BaseColor.png","addressu":"repeat","addressv":"repeat","minfilter":"linear_mip_linear","magfilter":"linear","anisotropy":1},{"name":"roughness_texture","uri":"Stylized_lp_Shoe_Roughness.png","addressu":"repeat","addressv":"repeat","minfilter":"linear_mip_linear","magfilter":"linear","anisotropy":1},{"name":"normalmap_texture","uri":"Stylized_lp_Shoe_Normal.png","addressu":"repeat","addressv":"repeat","minfilter":"linear_mip_linear","magfilter":"linear","anisotropy":1},{"name":"base_color_texture","uri":"Stylized_lp_Hair_BaseColor.png","addressu":"repeat","addressv":"repeat","minfilter":"linear_mip_linear","magfilter":"linear","anisotropy":1},{"name":"roughness_texture","uri":"Stylized_lp_Hair_Roughness.png","addressu":"repeat","addressv":"repeat","minfilter":"linear_mip_linear","magfilter":"linear","anisotropy":1},{"name":"normalmap_texture","uri":"Stylized_lp_Hair_Normal.png","addressu":"repeat","addressv":"repeat","minfilter":"linear_mip_linear","magfilter":"linear","anisotropy":1}],"materials":[{"name":"Skin","shader":"phong","parameters":[{"name":"blendType","type":"enum","data":3},{"name":"cull","type":"enum","data":1},{"name":"useLighting","type":"boolean","data":true},{"name":"twoSidedLighting","type":"boolean","data":false},{"name":"useMetalness","type":"boolean","data":false},{"name":"useMetalnessSpecularColor","type":"boolean","data":false},{"name":"depthWrite","type":"boolean","data":true},{"name":"emissiveTint","type":"boolean","data":false},{"name":"glossInvert","type":"boolean","data":false},{"name":"clearCoatGlossInvert","type":"boolean","data":false},{"name":"sheenGlossInvert","type":"boolean","data":false},{"name":"useDynamicRefraction","type":"boolean","data":false},{"name":"useSheen","type":"boolean","data":false},{"name":"diffuseTint","type":"boolean","data":false},{"name":"specularTint","type":"boolean","data":false},{"name":"sheenTint","type":"boolean","data":false},{"name":"useIridescence","type":"boolean","data":false},{"name":"metalness","type":"float","data":1},{"name":"shininess","type":"float","data":42.2169},{"name":"opacity","type":"float","data":1},{"name":"bumpMapFactor","type":"float","data":1},{"name":"reflectivity","type":"float","data":0},{"name":"alphaTest","type":"float","data":0},{"name":"clearCoat","type":"float","data":0},{"name":"clearCoatGloss","type":"float","data":1},{"name":"clearCoatBumpiness","type":"float","data":1},{"name":"specularityFactor","type":"float","data":1},{"name":"refractionIndex","type":"float","data":0.666667},{"name":"refraction","type":"float","data":0},{"name":"sheenGloss","type":"float","data":0},{"name":"thickness","type":"float","data":0},{"name":"attenuationDistance","type":"float","data":0},{"name":"emissiveIntensity","type":"float","data":1},{"name":"iridescence","type":"float","data":0},{"name":"iridescenceRefractionIndex","type":"float","data":0.666667},{"name":"iridescenceThicknessMin","type":"float","data":0},{"name":"iridescenceThicknessMax","type":"float","data":0},{"name":"ambient","type":"vec3","data":[0,0,0]},{"name":"diffuse","type":"vec3","data":[0.8,0.8,0.8]},{"name":"emissive","type":"vec3","data":[0,0,0]},{"name":"specular","type":"vec3","data":[0.2,0.2,0.2]},{"name":"sheen","type":"vec3","data":[1,1,1]},{"name":"attenuation","type":"vec3","data":[1,1,1]},{"name":"diffuseMap","type":"texture","data":0},{"name":"glossMap","type":"texture","data":1},{"name":"normalMap","type":"texture","data":2}]},{"name":"TeethUpper","shader":"phong","parameters":[{"name":"blendType","type":"enum","data":3},{"name":"cull","type":"enum","data":1},{"name":"useLighting","type":"boolean","data":true},{"name":"twoSidedLighting","type":"boolean","data":false},{"name":"useMetalness","type":"boolean","data":false},{"name":"useMetalnessSpecularColor","type":"boolean","data":false},{"name":"depthWrite","type":"boolean","data":true},{"name":"emissiveTint","type":"boolean","data":false},{"name":"glossInvert","type":"boolean","data":false},{"name":"clearCoatGlossInvert","type":"boolean","data":false},{"name":"sheenGlossInvert","type":"boolean","data":false},{"name":"useDynamicRefraction","type":"boolean","data":false},{"name":"useSheen","type":"boolean","data":false},{"name":"diffuseTint","type":"boolean","data":false},{"name":"specularTint","type":"boolean","data":false},{"name":"sheenTint","type":"boolean","data":false},{"name":"useIridescence","type":"boolean","data":false},{"name":"metalness","type":"float","data":1},{"name":"shininess","type":"float","data":42.2169},{"name":"opacity","type":"float","data":1},{"name":"bumpMapFactor","type":"float","data":0},{"name":"reflectivity","type":"float","data":0},{"name":"alphaTest","type":"float","data":0},{"name":"clearCoat","type":"float","data":0},{"name":"clearCoatGloss","type":"float","data":1},{"name":"clearCoatBumpiness","type":"float","data":1},{"name":"specularityFactor","type":"float","data":1},{"name":"refractionIndex","type":"float","data":0.666667},{"name":"refraction","type":"float","data":0},{"name":"sheenGloss","type":"float","data":0},{"name":"thickness","type":"float","data":0},{"name":"attenuationDistance","type":"float","data":0},{"name":"emissiveIntensity","type":"float","data":1},{"name":"iridescence","type":"float","data":0},{"name":"iridescenceRefractionIndex","type":"float","data":0.666667},{"name":"iridescenceThicknessMin","type":"float","data":0},{"name":"iridescenceThicknessMax","type":"float","data":0},{"name":"ambient","type":"vec3","data":[0,0,0]},{"name":"diffuse","type":"vec3","data":[0.8,0.8,0.8]},{"name":"emissive","type":"vec3","data":[0,0,0]},{"name":"specular","type":"vec3","data":[0.2,0.2,0.2]},{"name":"sheen","type":"vec3","data":[1,1,1]},{"name":"attenuation","type":"vec3","data":[1,1,1]},{"name":"diffuseMap","type":"texture","data":3}]},{"name":"TeethLower","shader":"phong","parameters":[{"name":"blendType","type":"enum","data":3},{"name":"cull","type":"enum","data":1},{"name":"useLighting","type":"boolean","data":true},{"name":"twoSidedLighting","type":"boolean","data":false},{"name":"useMetalness","type":"boolean","data":false},{"name":"useMetalnessSpecularColor","type":"boolean","data":false},{"name":"depthWrite","type":"boolean","data":true},{"name":"emissiveTint","type":"boolean","data":false},{"name":"glossInvert","type":"boolean","data":false},{"name":"clearCoatGlossInvert","type":"boolean","data":false},{"name":"sheenGlossInvert","type":"boolean","data":false},{"name":"useDynamicRefraction","type":"boolean","data":false},{"name":"useSheen","type":"boolean","data":false},{"name":"diffuseTint","type":"boolean","data":false},{"name":"specularTint","type":"boolean","data":false},{"name":"sheenTint","type":"boolean","data":false},{"name":"useIridescence","type":"boolean","data":false},{"name":"metalness","type":"float","data":1},{"name":"shininess","type":"float","data":42.2169},{"name":"opacity","type":"float","data":1},{"name":"bumpMapFactor","type":"float","data":0},{"name":"reflectivity","type":"float","data":0},{"name":"alphaTest","type":"float","data":0},{"name":"clearCoat","type":"float","data":0},{"name":"clearCoatGloss","type":"float","data":1},{"name":"clearCoatBumpiness","type":"float","data":1},{"name":"specularityFactor","type":"float","data":1},{"name":"refractionIndex","type":"float","data":0.666667},{"name":"refraction","type":"float","data":0},{"name":"sheenGloss","type":"float","data":0},{"name":"thickness","type":"float","data":0},{"name":"attenuationDistance","type":"float","data":0},{"name":"emissiveIntensity","type":"float","data":1},{"name":"iridescence","type":"float","data":0},{"name":"iridescenceRefractionIndex","type":"float","data":0.666667},{"name":"iridescenceThicknessMin","type":"float","data":0},{"name":"iridescenceThicknessMax","type":"float","data":0},{"name":"ambient","type":"vec3","data":[0,0,0]},{"name":"diffuse","type":"vec3","data":[0.8,0.8,0.8]},{"name":"emissive","type":"vec3","data":[0,0,0]},{"name":"specular","type":"vec3","data":[0.2,0.2,0.2]},{"name":"sheen","type":"vec3","data":[1,1,1]},{"name":"attenuation","type":"vec3","data":[1,1,1]},{"name":"diffuseMap","type":"texture","data":4}]},{"name":"Tongue","shader":"phong","parameters":[{"name":"blendType","type":"enum","data":3},{"name":"cull","type":"enum","data":1},{"name":"useLighting","type":"boolean","data":true},{"name":"twoSidedLighting","type":"boolean","data":false},{"name":"useMetalness","type":"boolean","data":false},{"name":"useMetalnessSpecularColor","type":"boolean","data":false},{"name":"depthWrite","type":"boolean","data":true},{"name":"emissiveTint","type":"boolean","data":false},{"name":"glossInvert","type":"boolean","data":false},{"name":"clearCoatGlossInvert","type":"boolean","data":false},{"name":"sheenGlossInvert","type":"boolean","data":false},{"name":"useDynamicRefraction","type":"boolean","data":false},{"name":"useSheen","type":"boolean","data":false},{"name":"diffuseTint","type":"boolean","data":false},{"name":"specularTint","type":"boolean","data":false},{"name":"sheenTint","type":"boolean","data":false},{"name":"useIridescence","type":"boolean","data":false},{"name":"metalness","type":"float","data":1},{"name":"shininess","type":"float","data":42.2169},{"name":"opacity","type":"float","data":1},{"name":"bumpMapFactor","type":"float","data":0},{"name":"reflectivity","type":"float","data":0},{"name":"alphaTest","type":"float","data":0},{"name":"clearCoat","type":"float","data":0},{"name":"clearCoatGloss","type":"float","data":1},{"name":"clearCoatBumpiness","type":"float","data":1},{"name":"specularityFactor","type":"float","data":1},{"name":"refractionIndex","type":"float","data":0.666667},{"name":"refraction","type":"float","data":0},{"name":"sheenGloss","type":"float","data":0},{"name":"thickness","type":"float","data":0},{"name":"attenuationDistance","type":"float","data":0},{"name":"emissiveIntensity","type":"float","data":1},{"name":"iridescence","type":"float","data":0},{"name":"iridescenceRefractionIndex","type":"float","data":0.666667},{"name":"iridescenceThicknessMin","type":"float","data":0},{"name":"iridescenceThicknessMax","type":"float","data":0},{"name":"ambient","type":"vec3","data":[0,0,0]},{"name":"diffuse","type":"vec3","data":[0.8,0.8,0.8]},{"name":"emissive","type":"vec3","data":[0,0,0]},{"name":"specular","type":"vec3","data":[0.2,0.2,0.2]},{"name":"sheen","type":"vec3","data":[1,1,1]},{"name":"attenuation","type":"vec3","data":[1,1,1]},{"name":"diffuseMap","type":"texture","data":5}]},{"name":"Eyes","shader":"phong","parameters":[{"name":"blendType","type":"enum","data":3},{"name":"cull","type":"enum","data":1},{"name":"useLighting","type":"boolean","data":true},{"name":"twoSidedLighting","type":"boolean","data":false},{"name":"useMetalness","type":"boolean","data":false},{"name":"useMetalnessSpecularColor","type":"boolean","data":false},{"name":"depthWrite","type":"boolean","data":true},{"name":"emissiveTint","type":"boolean","data":false},{"name":"glossInvert","type":"boolean","data":false},{"name":"clearCoatGlossInvert","type":"boolean","data":false},{"name":"sheenGlossInvert","type":"boolean","data":false},{"name":"useDynamicRefraction","type":"boolean","data":false},{"name":"useSheen","type":"boolean","data":false},{"name":"diffuseTint","type":"boolean","data":false},{"name":"specularTint","type":"boolean","data":false},{"name":"sheenTint","type":"boolean","data":false},{"name":"useIridescence","type":"boolean","data":false},{"name":"metalness","type":"float","data":1},{"name":"shininess","type":"float","data":42.2169},{"name":"opacity","type":"float","data":1},{"name":"bumpMapFactor","type":"float","data":0},{"name":"reflectivity","type":"float","data":0},{"name":"alphaTest","type":"float","data":0},{"name":"clearCoat","type":"float","data":0},{"name":"clearCoatGloss","type":"float","data":1},{"name":"clearCoatBumpiness","type":"float","data":1},{"name":"specularityFactor","type":"float","data":1},{"name":"refractionIndex","type":"float","data":0.666667},{"name":"refraction","type":"float","data":0},{"name":"sheenGloss","type":"float","data":0},{"name":"thickness","type":"float","data":0},{"name":"attenuationDistance","type":"float","data":0},{"name":"emissiveIntensity","type":"float","data":1},{"name":"iridescence","type":"float","data":0},{"name":"iridescenceRefractionIndex","type":"float","data":0.666667},{"name":"iridescenceThicknessMin","type":"float","data":0},{"name":"iridescenceThicknessMax","type":"float","data":0},{"name":"ambient","type":"vec3","data":[0,0,0]},{"name":"diffuse","type":"vec3","data":[0.8,0.8,0.8]},{"name":"emissive","type":"vec3","data":[0,0,0]},{"name":"specular","type":"vec3","data":[0.2,0.2,0.2]},{"name":"sheen","type":"vec3","data":[1,1,1]},{"name":"attenuation","type":"vec3","data":[1,1,1]},{"name":"diffuseMap","type":"texture","data":6}]},{"name":"Glass","shader":"phong","parameters":[{"name":"blendType","type":"enum","data":3},{"name":"cull","type":"enum","data":1},{"name":"useLighting","type":"boolean","data":true},{"name":"twoSidedLighting","type":"boolean","data":false},{"name":"useMetalness","type":"boolean","data":false},{"name":"useMetalnessSpecularColor","type":"boolean","data":false},{"name":"depthWrite","type":"boolean","data":true},{"name":"emissiveTint","type":"boolean","data":false},{"name":"glossInvert","type":"boolean","data":false},{"name":"clearCoatGlossInvert","type":"boolean","data":false},{"name":"sheenGlossInvert","type":"boolean","data":false},{"name":"useDynamicRefraction","type":"boolean","data":false},{"name":"useSheen","type":"boolean","data":false},{"name":"diffuseTint","type":"boolean","data":false},{"name":"specularTint","type":"boolean","data":false},{"name":"sheenTint","type":"boolean","data":false},{"name":"useIridescence","type":"boolean","data":false},{"name":"metalness","type":"float","data":1},{"name":"shininess","type":"float","data":42.2169},{"name":"opacity","type":"float","data":1},{"name":"bumpMapFactor","type":"float","data":1},{"name":"reflectivity","type":"float","data":0},{"name":"alphaTest","type":"float","data":0},{"name":"clearCoat","type":"float","data":0},{"name":"clearCoatGloss","type":"float","data":1},{"name":"clearCoatBumpiness","type":"float","data":1},{"name":"specularityFactor","type":"float","data":1},{"name":"refractionIndex","type":"float","data":0.666667},{"name":"refraction","type":"float","data":0},{"name":"sheenGloss","type":"float","data":0},{"name":"thickness","type":"float","data":0},{"name":"attenuationDistance","type":"float","data":0},{"name":"emissiveIntensity","type":"float","data":1},{"name":"iridescence","type":"float","data":0},{"name":"iridescenceRefractionIndex","type":"float","data":0.666667},{"name":"iridescenceThicknessMin","type":"float","data":0},{"name":"iridescenceThicknessMax","type":"float","data":0},{"name":"ambient","type":"vec3","data":[0,0,0]},{"name":"diffuse","type":"vec3","data":[0.8,0.8,0.8]},{"name":"emissive","type":"vec3","data":[0,0,0]},{"name":"specular","type":"vec3","data":[0.2,0.2,0.2]},{"name":"sheen","type":"vec3","data":[1,1,1]},{"name":"attenuation","type":"vec3","data":[1,1,1]},{"name":"diffuseMap","type":"texture","data":7},{"name":"glossMap","type":"texture","data":8},{"name":"normalMap","type":"texture","data":9}]},{"name":"Cloths","shader":"phong","parameters":[{"name":"blendType","type":"enum","data":3},{"name":"cull","type":"enum","data":1},{"name":"useLighting","type":"boolean","data":true},{"name":"twoSidedLighting","type":"boolean","data":false},{"name":"useMetalness","type":"boolean","data":false},{"name":"useMetalnessSpecularColor","type":"boolean","data":false},{"name":"depthWrite","type":"boolean","data":true},{"name":"emissiveTint","type":"boolean","data":false},{"name":"glossInvert","type":"boolean","data":false},{"name":"clearCoatGlossInvert","type":"boolean","data":false},{"name":"sheenGlossInvert","type":"boolean","data":false},{"name":"useDynamicRefraction","type":"boolean","data":false},{"name":"useSheen","type":"boolean","data":false},{"name":"diffuseTint","type":"boolean","data":false},{"name":"specularTint","type":"boolean","data":false},{"name":"sheenTint","type":"boolean","data":false},{"name":"useIridescence","type":"boolean","data":false},{"name":"metalness","type":"float","data":1},{"name":"shininess","type":"float","data":42.2169},{"name":"opacity","type":"float","data":1},{"name":"bumpMapFactor","type":"float","data":1},{"name":"reflectivity","type":"float","data":0},{"name":"alphaTest","type":"float","data":0},{"name":"clearCoat","type":"float","data":0},{"name":"clearCoatGloss","type":"float","data":1},{"name":"clearCoatBumpiness","type":"float","data":1},{"name":"specularityFactor","type":"float","data":1},{"name":"refractionIndex","type":"float","data":0.666667},{"name":"refraction","type":"float","data":0},{"name":"sheenGloss","type":"float","data":0},{"name":"thickness","type":"float","data":0},{"name":"attenuationDistance","type":"float","data":0},{"name":"emissiveIntensity","type":"float","data":1},{"name":"iridescence","type":"float","data":0},{"name":"iridescenceRefractionIndex","type":"float","data":0.666667},{"name":"iridescenceThicknessMin","type":"float","data":0},{"name":"iridescenceThicknessMax","type":"float","data":0},{"name":"ambient","type":"vec3","data":[0,0,0]},{"name":"diffuse","type":"vec3","data":[0.8,0.8,0.8]},{"name":"emissive","type":"vec3","data":[0,0,0]},{"name":"specular","type":"vec3","data":[0.2,0.2,0.2]},{"name":"sheen","type":"vec3","data":[1,1,1]},{"name":"attenuation","type":"vec3","data":[1,1,1]},{"name":"diffuseMap","type":"texture","data":10},{"name":"glossMap","type":"texture","data":11},{"name":"normalMap","type":"texture","data":12}]},{"name":"Shoes","shader":"phong","parameters":[{"name":"blendType","type":"enum","data":3},{"name":"cull","type":"enum","data":1},{"name":"useLighting","type":"boolean","data":true},{"name":"twoSidedLighting","type":"boolean","data":false},{"name":"useMetalness","type":"boolean","data":false},{"name":"useMetalnessSpecularColor","type":"boolean","data":false},{"name":"depthWrite","type":"boolean","data":true},{"name":"emissiveTint","type":"boolean","data":false},{"name":"glossInvert","type":"boolean","data":false},{"name":"clearCoatGlossInvert","type":"boolean","data":false},{"name":"sheenGlossInvert","type":"boolean","data":false},{"name":"useDynamicRefraction","type":"boolean","data":false},{"name":"useSheen","type":"boolean","data":false},{"name":"diffuseTint","type":"boolean","data":false},{"name":"specularTint","type":"boolean","data":false},{"name":"sheenTint","type":"boolean","data":false},{"name":"useIridescence","type":"boolean","data":false},{"name":"metalness","type":"float","data":1},{"name":"shininess","type":"float","data":42.2169},{"name":"opacity","type":"float","data":1},{"name":"bumpMapFactor","type":"float","data":1},{"name":"reflectivity","type":"float","data":0},{"name":"alphaTest","type":"float","data":0},{"name":"clearCoat","type":"float","data":0},{"name":"clearCoatGloss","type":"float","data":1},{"name":"clearCoatBumpiness","type":"float","data":1},{"name":"specularityFactor","type":"float","data":1},{"name":"refractionIndex","type":"float","data":0.666667},{"name":"refraction","type":"float","data":0},{"name":"sheenGloss","type":"float","data":0},{"name":"thickness","type":"float","data":0},{"name":"attenuationDistance","type":"float","data":0},{"name":"emissiveIntensity","type":"float","data":1},{"name":"iridescence","type":"float","data":0},{"name":"iridescenceRefractionIndex","type":"float","data":0.666667},{"name":"iridescenceThicknessMin","type":"float","data":0},{"name":"iridescenceThicknessMax","type":"float","data":0},{"name":"ambient","type":"vec3","data":[0,0,0]},{"name":"diffuse","type":"vec3","data":[0.8,0.8,0.8]},{"name":"emissive","type":"vec3","data":[0,0,0]},{"name":"specular","type":"vec3","data":[0.2,0.2,0.2]},{"name":"sheen","type":"vec3","data":[1,1,1]},{"name":"attenuation","type":"vec3","data":[1,1,1]},{"name":"diffuseMap","type":"texture","data":13},{"name":"glossMap","type":"texture","data":14},{"name":"normalMap","type":"texture","data":15}]},{"name":"Hair","shader":"phong","parameters":[{"name":"blendType","type":"enum","data":3},{"name":"cull","type":"enum","data":1},{"name":"useLighting","type":"boolean","data":true},{"name":"twoSidedLighting","type":"boolean","data":false},{"name":"useMetalness","type":"boolean","data":false},{"name":"useMetalnessSpecularColor","type":"boolean","data":false},{"name":"depthWrite","type":"boolean","data":true},{"name":"emissiveTint","type":"boolean","data":false},{"name":"glossInvert","type":"boolean","data":false},{"name":"clearCoatGlossInvert","type":"boolean","data":false},{"name":"sheenGlossInvert","type":"boolean","data":false},{"name":"useDynamicRefraction","type":"boolean","data":false},{"name":"useSheen","type":"boolean","data":false},{"name":"diffuseTint","type":"boolean","data":false},{"name":"specularTint","type":"boolean","data":false},{"name":"sheenTint","type":"boolean","data":false},{"name":"useIridescence","type":"boolean","data":false},{"name":"metalness","type":"float","data":1},{"name":"shininess","type":"float","data":42.2169},{"name":"opacity","type":"float","data":1},{"name":"bumpMapFactor","type":"float","data":1},{"name":"reflectivity","type":"float","data":0},{"name":"alphaTest","type":"float","data":0},{"name":"clearCoat","type":"float","data":0},{"name":"clearCoatGloss","type":"float","data":1},{"name":"clearCoatBumpiness","type":"float","data":1},{"name":"specularityFactor","type":"float","data":1},{"name":"refractionIndex","type":"float","data":0.666667},{"name":"refraction","type":"float","data":0},{"name":"sheenGloss","type":"float","data":0},{"name":"thickness","type":"float","data":0},{"name":"attenuationDistance","type":"float","data":0},{"name":"emissiveIntensity","type":"float","data":1},{"name":"iridescence","type":"float","data":0},{"name":"iridescenceRefractionIndex","type":"float","data":0.666667},{"name":"iridescenceThicknessMin","type":"float","data":0},{"name":"iridescenceThicknessMax","type":"float","data":0},{"name":"ambient","type":"vec3","data":[0,0,0]},{"name":"diffuse","type":"vec3","data":[0.8,0.8,0.8]},{"name":"emissive","type":"vec3","data":[0,0,0]},{"name":"specular","type":"vec3","data":[0.2,0.2,0.2]},{"name":"sheen","type":"vec3","data":[1,1,1]},{"name":"attenuation","type":"vec3","data":[1,1,1]},{"name":"diffuseMap","type":"texture","data":16},{"name":"glossMap","type":"texture","data":17},{"name":"normalMap","type":"texture","data":18}]}],"mappings":[{"material":0},{"material":1},{"material":2},{"material":3},{"material":4},{"material":5},{"material":6},{"material":7},{"material":8}]}}