[{"filename":"Stylized_lp_KFC_Colnel - Stylizedy_BaseColor.png","data":{"addressu":"repeat","addressv":"repeat","minfilter":"linear_mip_linear","magfilter":"linear","anisotropy":1}},{"filename":"Stylized_lp_KFC_Colnel - Stylizedy_Roughness.png","data":{"addressu":"repeat","addressv":"repeat","minfilter":"linear_mip_linear","magfilter":"linear","anisotropy":1}},{"filename":"Stylized_lp_KFC_Colnel - Stylizedy_Normal.png","data":{"addressu":"repeat","addressv":"repeat","minfilter":"linear_mip_linear","magfilter":"linear","anisotropy":1}},{"filename":"Std_Upper_Teeth_Diffuse.png","data":{"addressu":"repeat","addressv":"repeat","minfilter":"linear_mip_linear","magfilter":"linear","anisotropy":1}},{"filename":"Std_Lower_Teeth_Diffuse.png","data":{"addressu":"repeat","addressv":"repeat","minfilter":"linear_mip_linear","magfilter":"linear","anisotropy":1}},{"filename":"Std_Tongue_Diffuse.png","data":{"addressu":"repeat","addressv":"repeat","minfilter":"linear_mip_linear","magfilter":"linear","anisotropy":1}},{"filename":"Std_Cornea_R_Diffuse.jpg","data":{"addressu":"repeat","addressv":"repeat","minfilter":"linear_mip_linear","magfilter":"linear","anisotropy":1}},{"filename":"Glasses_silver_BaseColor.png","data":{"addressu":"repeat","addressv":"repeat","minfilter":"linear_mip_linear","magfilter":"linear","anisotropy":1}},{"filename":"Glasses_silver_Roughness.png","data":{"addressu":"repeat","addressv":"repeat","minfilter":"linear_mip_linear","magfilter":"linear","anisotropy":1}},{"filename":"Glasses_silver_Normal.png","data":{"addressu":"repeat","addressv":"repeat","minfilter":"linear_mip_linear","magfilter":"linear","anisotropy":1}},{"filename":"Stylized_lp_Coat_Suit_BaseColor.png","data":{"addressu":"repeat","addressv":"repeat","minfilter":"linear_mip_linear","magfilter":"linear","anisotropy":1}},{"filename":"Stylized_lp_Coat_Suit_Roughness.png","data":{"addressu":"repeat","addressv":"repeat","minfilter":"linear_mip_linear","magfilter":"linear","anisotropy":1}},{"filename":"Stylized_lp_Coat_Suit_Normal.png","data":{"addressu":"repeat","addressv":"repeat","minfilter":"linear_mip_linear","magfilter":"linear","anisotropy":1}},{"filename":"Stylized_lp_Shoe_BaseColor.png","data":{"addressu":"repeat","addressv":"repeat","minfilter":"linear_mip_linear","magfilter":"linear","anisotropy":1}},{"filename":"Stylized_lp_Shoe_Roughness.png","data":{"addressu":"repeat","addressv":"repeat","minfilter":"linear_mip_linear","magfilter":"linear","anisotropy":1}},{"filename":"Stylized_lp_Shoe_Normal.png","data":{"addressu":"repeat","addressv":"repeat","minfilter":"linear_mip_linear","magfilter":"linear","anisotropy":1}},{"filename":"Stylized_lp_Hair_BaseColor.png","data":{"addressu":"repeat","addressv":"repeat","minfilter":"linear_mip_linear","magfilter":"linear","anisotropy":1}},{"filename":"Stylized_lp_Hair_Roughness.png","data":{"addressu":"repeat","addressv":"repeat","minfilter":"linear_mip_linear","magfilter":"linear","anisotropy":1}},{"filename":"Stylized_lp_Hair_Normal.png","data":{"addressu":"repeat","addressv":"repeat","minfilter":"linear_mip_linear","magfilter":"linear","anisotropy":1}}]