{"name":"Skin","data":{"shader":"phong","blendType":3,"cull":1,"useLighting":true,"twoSidedLighting":false,"useMetalness":false,"useMetalnessSpecularColor":false,"depthWrite":true,"emissiveTint":false,"glossInvert":false,"clearCoatGlossInvert":false,"sheenGlossInvert":false,"useDynamicRefraction":false,"useSheen":false,"diffuseTint":false,"specularTint":false,"sheenTint":false,"useIridescence":false,"metalness":1,"shininess":42.2169,"opacity":1,"bumpMapFactor":1,"reflectivity":0,"alphaTest":0,"clearCoat":0,"clearCoatGloss":1,"clearCoatBumpiness":1,"specularityFactor":1,"refractionIndex":0.666667,"refraction":0,"sheenGloss":0,"thickness":0,"attenuationDistance":0,"emissiveIntensity":1,"iridescence":0,"iridescenceRefractionIndex":0.666667,"iridescenceThicknessMin":0,"iridescenceThicknessMax":0,"ambient":[0,0,0],"diffuse":[0.8,0.8,0.8],"emissive":[0,0,0],"specular":[0.2,0.2,0.2],"sheen":[1,1,1],"attenuation":[1,1,1],"diffuseMap":0,"glossMap":1,"normalMap":2}}